Workbook

Sheet Scope
A1: Recommendation Product Data Review Scope
A2: Current workbook status | B2: Prepared for multi-batch catalog research with locality-aware seasonality evidence.
A3: Catalog product count | B3: 100
A4: Products missing ProductInfo in seed | B4: 121, 122
A5: Research policy - domestic | B5: Only use extremely trustworthy Vietnam sources.
A6: Research policy - imported | B6: Prefer origin-country primary/industry sources or high-trust international references.
A7: Seasonality rule | B7: Do not compress to a single generic season when a product has multiple windows or locality-specific timing.
A8: Uncertainty rule | B8: Populate the column `Tôi chưa chắc chắn` whenever sources are missing, conflicting, or only partially applicable.
A9: Workbook layout | B9: Products Review = summary per product; Seasonality Evidence = locality/window rows; Research Evidence = non-seasonality claims; Batch Plan = execution order.
A10: Current recommendation caveat | B10: Application code still uses heuristic seasonality based on month + keyword matching, not authoritative crop calendars.

Sheet Batch Plan
A1: Batch | B1: Focus | C1: Criteria | D1: Target Count | E1: Product IDs | F1: Representative Products
A2: B1 | B2: Trái cây nhập khẩu hoặc ngoại nguồn, cần đối chiếu chính xác theo nguồn gốc xuất xứ. | C2: Imported fruits or foreign-origin fruits requiring origin-country sourcing first. | D2: 11 | E2: 61, 62, 63, 68, 71, 73, 74, 75, 76, 77, 78 | F2: Táo Fuji Nhật, Cam Cara ruột đỏ, Nho Mỹ không hạt, Chuối già Nam Mỹ, Măng cụt, Lựu đỏ Mỹ, Dưa lưới Nhật, Mận đỏ Mỹ ...
A3: B2 | B3: Thiếu metadata nền hoặc origin/classification chưa đủ để tra cứu ngoài ngay. | C3: Hybrid-origin/imported non-fruit items or rows blocked by missing seed metadata. | D3: 6 | E3: 46, 52, 53, 115, 121, 122 | F3: Khoai lang Nhật, Nấm hương khô, Nấm linh chi đỏ, Tỏi tây, khoai mỡ, Rau muống
A4: B3 | B4: Trái cây nội địa và đặc sản vùng miền, ưu tiên peak season + khác biệt theo tỉnh/vùng. | C4: Domestic fruits and regional specialties with strong locality-sensitive seasonality. | D4: 12 | E4: 64, 65, 66, 67, 69, 70, 72, 116, 117, 118, 119, 120 | F4: Xoài cát Hòa Lộc, Dưa hấu không hạt, Bơ Booth 7, Dâu tây Đà Lạt, Đu đủ vàng, Thanh long ruột đỏ, Mít Thái siêu ngọt, Chuối già Việt Nam ...
A5: B4 | B5: Rau lá, rau thơm và nhóm thân/mầm; thường có quanh năm nhưng peak và vùng trồng khác nhau. | C5: Leafy greens, herbs, stems and sprouts; often year-round but peak differs by region. | D5: 40 | E5: 1, 2, 3, 4, 5, 6, 7, 8, 9, 15, 16, 17, 18, 19, 20, 21, 22, 30, 31, 32, 33, 34, 35, 36, 37, 38, 39, 55, 56, 57, 58, 59, 60, 101, 102, 103, 104, 105, 113, 114 | F5: Rau muống, Cải bó xôi, Rau lang, Cải thìa, Rau dền đỏ, Bông cải xanh, Súp lơ trắng, Măng tây xanh ...
A6: B5 | B6: Rau ăn quả, củ/rễ, nấm và nhóm còn lại; kiểm tra seasonality/cultivation theo vùng hoặc mô hình trồng. | C6: Domestic fruiting vegetables, roots/tubers, mushrooms and remaining products. | D6: 31 | E6: 10, 11, 12, 13, 14, 23, 24, 25, 26, 27, 28, 29, 40, 41, 42, 43, 44, 45, 47, 48, 49, 50, 51, 54, 106, 107, 108, 109, 110, 111, 112 | F6: Cà chua bi, Dưa leo mini, Bí đỏ, Cà rốt, Khoai tây vàng, Cà tím, Đậu cove, Ớt chuông ...

Sheet Products Review
A1: ProductID | B1: CategoryName | C1: ProductName | D1: Sku | E1: Current Origin | F1: Current Standard | G1: Current Preservation | H1: Current Weight | I1: Current NearExpiryDays | J1: Current ShortDescription | K1: Derived Flavor Profile | L1: Derived Texture Profile | M1: Derived Usage Profile | N1: Current Origin Classification | O1: Recommendation Uses | P1: Proposed External Review Fields | Q1: Research Priority | R1: Batch | S1: Batch Focus | T1: Review Status | U1: Verified Seasonality Summary | V1: Seasonality Locality Count | W1: Seasonality Evidence Count | X1: General Evidence Count | Y1: Verified Origin Country | Z1: Verified Origin Province/Region | AA1: Verified Domestic/Imported | AB1: Verified Standard/Certification | AC1: Verified Preservation Guidance | AD1: Verified Flavor Profile | AE1: Verified Texture Profile | AF1: Verified Usage Profile | AG1: Primary Source URL | AH1: Secondary Source URL | AI1: Thời gian thu thập | AJ1: Tôi chưa chắc chắn | AK1: Reviewer Notes
A2: 1 | B2: Rau lá | C2: Rau muống | D2: VEG-RM-001 | E2: Long An, Việt Nam | F2: VietGAP | G2: Giữ nơi khô mát, tránh ánh nắng, nên dùng trong 2 ngày. | H2: 500g | I2: 5 | J2: Giàu vitamin A, C, chất xơ và sắt... Tươi xanh, thân giòn, lá non, trồng sạch không thuốc. | K2: Tự nhiên | L2: Giòn | M2: Xào / nấu canh | N2: Nội địa | O2: Origin|Standard|Preservation|Weight|Attributes|Seasonality heuristic | P2: Origin; Season window; Standard/cert; Preservation guidance; Flavor/Texture/Usage | Q2: Trung bình | R2: B4 | S2: Rau lá, rau thơm và nhóm thân/mầm; thường có quanh năm nhưng peak và vùng trồng khác nhau. | T2: Pending | V2: =COUNTIF('Seasonality Evidence'!B:B,A2) | W2: =COUNTIF('Seasonality Evidence'!B:B,A2) | X2: =COUNTIF('Research Evidence'!B:B,A2)
A3: 2 | B3: Rau lá | C3: Cải bó xôi | D3: VEG-CBX-002 | E3: Đà Lạt, Việt Nam | F3: GlobalGAP | G3: Bảo quản trong ngăn mát 2–5°C, không để úng nước. | H3: 300g | J3: Giàu vitamin A, C, K và sắt... Lá xanh sẫm, tươi giòn, dinh dưỡng cao. | K3: Tự nhiên | L3: Giòn | M3: Salad / ăn sống | N3: Nội địa | O3: Origin|Standard|Preservation|Weight|Attributes|Seasonality heuristic | P3: Origin; Season window; Standard/cert; Preservation guidance; Flavor/Texture/Usage | Q3: Trung bình | R3: B4 | S3: Rau lá, rau thơm và nhóm thân/mầm; thường có quanh năm nhưng peak và vùng trồng khác nhau. | T3: Pending | V3: =COUNTIF('Seasonality Evidence'!B:B,A3) | W3: =COUNTIF('Seasonality Evidence'!B:B,A3) | X3: =COUNTIF('Research Evidence'!B:B,A3)
A4: 3 | B4: Rau lá | C4: Rau lang | D4: VEG-RL-003 | E4: Tiền Giang, Việt Nam | F4: VietGAP | G4: Để nơi khô thoáng, tránh nắng trực tiếp. | H4: 400g | J4: Giàu chất xơ, vitamin C và canxi... Lá non xanh mướt, giúp thanh lọc cơ thể. | K4: Thanh | L4: Tươi | M4: Xào / nấu canh | N4: Nội địa | O4: Origin|Standard|Preservation|Weight|Attributes|Seasonality heuristic | P4: Origin; Season window; Standard/cert; Preservation guidance; Flavor/Texture/Usage | Q4: Trung bình | R4: B4 | S4: Rau lá, rau thơm và nhóm thân/mầm; thường có quanh năm nhưng peak và vùng trồng khác nhau. | T4: Pending | V4: =COUNTIF('Seasonality Evidence'!B:B,A4) | W4: =COUNTIF('Seasonality Evidence'!B:B,A4) | X4: =COUNTIF('Research Evidence'!B:B,A4)
A5: 4 | B5: Rau lá | C5: Cải thìa | D5: VEG-CT-004 | E5: Đà Lạt, Việt Nam | F5: VietGAP | G5: Bảo quản trong túi kín, ngăn mát tủ lạnh, dùng trong 3 ngày. | H5: 400g | J5: Giàu vitamin A, C, K và kali... Lá xanh tươi, vị ngọt nhẹ, giòn. | K5: Ngọt nhẹ | L5: Giòn | M5: Xào | N5: Nội địa | O5: Origin|Standard|Preservation|Weight|Attributes|Seasonality heuristic | P5: Origin; Season window; Standard/cert; Preservation guidance; Flavor/Texture/Usage | Q5: Trung bình | R5: B4 | S5: Rau lá, rau thơm và nhóm thân/mầm; thường có quanh năm nhưng peak và vùng trồng khác nhau. | T5: Pending | V5: =COUNTIF('Seasonality Evidence'!B:B,A5) | W5: =COUNTIF('Seasonality Evidence'!B:B,A5) | X5: =COUNTIF('Research Evidence'!B:B,A5)
A6: 5 | B6: Rau lá | C6: Rau dền đỏ | D6: VEG-RDD-005 | E6: Đồng Nai, Việt Nam | F6: OCOP 4 sao | G6: Bảo quản trong ngăn mát, tránh để dập lá. | H6: 300g | J6: Giàu sắt, vitamin C, E và chất chống oxy hóa... Lá tím đỏ, vị dịu ngọt. | K6: Ngọt | L6: Tươi | M6: Nấu canh | N6: Nội địa | O6: Origin|Standard|Preservation|Weight|Attributes|Seasonality heuristic | P6: Origin; Season window; Standard/cert; Preservation guidance; Flavor/Texture/Usage | Q6: Trung bình | R6: B4 | S6: Rau lá, rau thơm và nhóm thân/mầm; thường có quanh năm nhưng peak và vùng trồng khác nhau. | T6: Pending | V6: =COUNTIF('Seasonality Evidence'!B:B,A6) | W6: =COUNTIF('Seasonality Evidence'!B:B,A6) | X6: =COUNTIF('Research Evidence'!B:B,A6)
A7: 6 | B7: Rau ăn hoa / thân / mầm | C7: Bông cải xanh | D7: VEG-BCX-006 | E7: Lâm Đồng, Việt Nam | F7: GlobalGAP | G7: Đặt trong hộp kín, ngăn mát 3–5°C, giữ được 3–4 ngày. | H7: 500g | I7: 5 | J7: Giàu vitamin C, K, A và chất xơ... Bông chắc, xanh sẫm, giòn ngọt. | K7: Ngọt | L7: Giòn | M7: Salad / ăn sống | N7: Nội địa | O7: Origin|Standard|Preservation|Weight|Attributes|Seasonality heuristic | P7: Origin; Season window; Standard/cert; Preservation guidance; Flavor/Texture/Usage | Q7: Trung bình | R7: B4 | S7: Rau lá, rau thơm và nhóm thân/mầm; thường có quanh năm nhưng peak và vùng trồng khác nhau. | T7: Pending | V7: =COUNTIF('Seasonality Evidence'!B:B,A7) | W7: =COUNTIF('Seasonality Evidence'!B:B,A7) | X7: =COUNTIF('Research Evidence'!B:B,A7)
A8: 7 | B8: Rau ăn hoa / thân / mầm | C8: Súp lơ trắng | D8: VEG-SL-007 | E8: Bình Thuận, Việt Nam | F8: VietGAP | G8: Bảo quản trong túi giấy hoặc túi thoáng khí. | H8: 600g | J8: Giàu vitamin C, K, folate và chất xơ... Bông trắng đều, vị ngọt dịu. | K8: Ngọt dịu | L8: Tươi | M8: Xào / nấu canh | N8: Nội địa | O8: Origin|Standard|Preservation|Weight|Attributes|Seasonality heuristic | P8: Origin; Season window; Standard/cert; Preservation guidance; Flavor/Texture/Usage | Q8: Trung bình | R8: B4 | S8: Rau lá, rau thơm và nhóm thân/mầm; thường có quanh năm nhưng peak và vùng trồng khác nhau. | T8: Pending | V8: =COUNTIF('Seasonality Evidence'!B:B,A8) | W8: =COUNTIF('Seasonality Evidence'!B:B,A8) | X8: =COUNTIF('Research Evidence'!B:B,A8)
A9: 8 | B9: Rau ăn hoa / thân / mầm | C9: Măng tây xanh | D9: VEG-MT-008 | E9: Ninh Thuận, Việt Nam | F9: GlobalGAP | G9: Giữ trong khăn ẩm, đặt ngăn mát để giữ độ tươi. | H9: 250g | J9: Giàu vitamin A, C, E và folate... Non mướt, giòn, thơm nhẹ. | K9: Tự nhiên | L9: Giòn | M9: Xào | N9: Nội địa | O9: Origin|Standard|Preservation|Weight|Attributes|Seasonality heuristic | P9: Origin; Season window; Standard/cert; Preservation guidance; Flavor/Texture/Usage | Q9: Trung bình | R9: B4 | S9: Rau lá, rau thơm và nhóm thân/mầm; thường có quanh năm nhưng peak và vùng trồng khác nhau. | T9: Pending | V9: =COUNTIF('Seasonality Evidence'!B:B,A9) | W9: =COUNTIF('Seasonality Evidence'!B:B,A9) | X9: =COUNTIF('Research Evidence'!B:B,A9)
A10: 9 | B10: Rau ăn hoa / thân / mầm | C10: Rau mầm hướng dương | D10: VEG-RMH-009 | E10: Cần Thơ, Việt Nam | F10: VietGAP | G10: Dùng ngay trong ngày, bảo quản ngăn mát. | H10: 150g | J10: Giàu vitamin E, C, enzyme tự nhiên và kẽm... Tươi giòn, dễ ăn. | K10: Ngọt | L10: Giòn | M10: Salad / ăn sống | N10: Nội địa | O10: Origin|Standard|Preservation|Weight|Attributes|Seasonality heuristic | P10: Origin; Season window; Standard/cert; Preservation guidance; Flavor/Texture/Usage | Q10: Trung bình | R10: B4 | S10: Rau lá, rau thơm và nhóm thân/mầm; thường có quanh năm nhưng peak và vùng trồng khác nhau. | T10: Pending | V10: =COUNTIF('Seasonality Evidence'!B:B,A10) | W10: =COUNTIF('Seasonality Evidence'!B:B,A10) | X10: =COUNTIF('Research Evidence'!B:B,A10)
A11: 10 | B11: Rau ăn quả | C11: Cà chua bi | D11: VEG-CTB-010 | E11: Đà Lạt, Việt Nam | F11: VietGAP | G11: Để nơi thoáng mát, tránh nhiệt độ cao. | H11: 300g | J11: Giàu vitamin A, C, lycopene và kali... Quả mọng, vị ngọt thanh. | K11: Ngọt thanh | L11: Tươi | M11: Salad / ăn sống | N11: Nội địa | O11: Origin|Standard|Preservation|Weight|Attributes|Seasonality heuristic | P11: Origin; Season window; Standard/cert; Preservation guidance; Flavor/Texture/Usage | Q11: Trung bình | R11: B5 | S11: Rau ăn quả, củ/rễ, nấm và nhóm còn lại; kiểm tra seasonality/cultivation theo vùng hoặc mô hình trồng. | T11: Pending | V11: =COUNTIF('Seasonality Evidence'!B:B,A11) | W11: =COUNTIF('Seasonality Evidence'!B:B,A11) | X11: =COUNTIF('Research Evidence'!B:B,A11)
A12: 11 | B12: Rau ăn quả | C12: Dưa leo mini | D12: VEG-DLM-011 | E12: Bến Tre, Việt Nam | F12: OCOP 3 sao | G12: Giữ nơi khô ráo, có thể để ngăn mát nếu chưa dùng. | H12: 400g | J12: Giàu vitamin C, K và nước tự nhiên... Xanh tươi, giòn mát. | K12: Tự nhiên | L12: Giòn | M12: Salad / ăn sống | N12: Nội địa | O12: Origin|Standard|Preservation|Weight|Attributes|Seasonality heuristic | P12: Origin; Season window; Standard/cert; Preservation guidance; Flavor/Texture/Usage | Q12: Trung bình | R12: B5 | S12: Rau ăn quả, củ/rễ, nấm và nhóm còn lại; kiểm tra seasonality/cultivation theo vùng hoặc mô hình trồng. | T12: Pending | V12: =COUNTIF('Seasonality Evidence'!B:B,A12) | W12: =COUNTIF('Seasonality Evidence'!B:B,A12) | X12: =COUNTIF('Research Evidence'!B:B,A12)
A13: 12 | B13: Rau ăn quả | C13: Bí đỏ | D13: VEG-BD-012 | E13: Bình Dương, Việt Nam | F13: VietGAP | G13: Bảo quản nơi khô mát, có thể để 5–7 ngày. | H13: 1kg | J13: Giàu vitamin A, C, beta-carotene và chất xơ... Dẻo thơm, ngọt nhẹ. | K13: Ngọt nhẹ | L13: Tươi | M13: Nấu canh | N13: Nội địa | O13: Origin|Standard|Preservation|Weight|Attributes|Seasonality heuristic | P13: Origin; Season window; Standard/cert; Preservation guidance; Flavor/Texture/Usage | Q13: Trung bình | R13: B5 | S13: Rau ăn quả, củ/rễ, nấm và nhóm còn lại; kiểm tra seasonality/cultivation theo vùng hoặc mô hình trồng. | T13: Pending | V13: =COUNTIF('Seasonality Evidence'!B:B,A13) | W13: =COUNTIF('Seasonality Evidence'!B:B,A13) | X13: =COUNTIF('Research Evidence'!B:B,A13)
A14: 13 | B14: Củ & rễ | C14: Cà rốt | D14: VEG-CR-013 | E14: Lâm Đồng, Việt Nam | F14: VietGAP | G14: Giữ trong túi lưới hoặc hộp nhựa thoáng khí, ngăn mát. | H14: 500g | J14: Giàu vitamin A, C, K và beta-carotene... Giòn ngọt, tốt cho mắt. | K14: Ngọt | L14: Giòn | M14: Xào | N14: Nội địa | O14: Origin|Standard|Preservation|Weight|Attributes|Seasonality heuristic | P14: Origin; Season window; Standard/cert; Preservation guidance; Flavor/Texture/Usage | Q14: Trung bình | R14: B5 | S14: Rau ăn quả, củ/rễ, nấm và nhóm còn lại; kiểm tra seasonality/cultivation theo vùng hoặc mô hình trồng. | T14: Pending | V14: =COUNTIF('Seasonality Evidence'!B:B,A14) | W14: =COUNTIF('Seasonality Evidence'!B:B,A14) | X14: =COUNTIF('Research Evidence'!B:B,A14)
A15: 14 | B15: Củ & rễ | C15: Khoai tây vàng | D15: VEG-KTV-014 | E15: Đà Lạt, Việt Nam | F15: GlobalGAP | G15: Để nơi thoáng, tránh ánh sáng để không mọc mầm. | H15: 800g | J15: Giàu vitamin C, B6, kali và tinh bột tự nhiên... Ruột vàng, dẻo thơm. | K15: Tự nhiên | L15: Tươi | M15: Nướng | N15: Nội địa | O15: Origin|Standard|Preservation|Weight|Attributes|Seasonality heuristic | P15: Origin; Season window; Standard/cert; Preservation guidance; Flavor/Texture/Usage | Q15: Trung bình | R15: B5 | S15: Rau ăn quả, củ/rễ, nấm và nhóm còn lại; kiểm tra seasonality/cultivation theo vùng hoặc mô hình trồng. | T15: Pending | V15: =COUNTIF('Seasonality Evidence'!B:B,A15) | W15: =COUNTIF('Seasonality Evidence'!B:B,A15) | X15: =COUNTIF('Research Evidence'!B:B,A15)
A16: 15 | B16: Rau lá | C16: Rau cải ngọt | D16: VEG-RCN-015 | E16: Đà Lạt, Việt Nam | F16: VietGAP | G16: Bảo quản ngăn mát, dùng trong 2-3 ngày. | H16: 400g | J16: Giàu vitamin A, C, vị ngọt tự nhiên... Lá xanh mướt, giòn, dễ chế biến. | K16: Ngọt | L16: Giòn | M16: Xào / nấu canh | N16: Nội địa | O16: Origin|Standard|Preservation|Weight|Attributes|Seasonality heuristic | P16: Origin; Season window; Standard/cert; Preservation guidance; Flavor/Texture/Usage | Q16: Trung bình | R16: B4 | S16: Rau lá, rau thơm và nhóm thân/mầm; thường có quanh năm nhưng peak và vùng trồng khác nhau. | T16: Pending | V16: =COUNTIF('Seasonality Evidence'!B:B,A16) | W16: =COUNTIF('Seasonality Evidence'!B:B,A16) | X16: =COUNTIF('Research Evidence'!B:B,A16)
A17: 16 | B17: Rau lá | C17: Cải ngồng | D17: VEG-CN-016 | E17: Lâm Đồng, Việt Nam | F17: GlobalGAP | G17: Để nơi khô thoáng, tránh nắng. | H17: 500g | J17: Giàu vitamin K, C, canxi... Lá xanh đậm, giòn ngọt, bổ dưỡng. | K17: Ngọt | L17: Giòn | M17: Xào / nấu canh | N17: Nội địa | O17: Origin|Standard|Preservation|Weight|Attributes|Seasonality heuristic | P17: Origin; Season window; Standard/cert; Preservation guidance; Flavor/Texture/Usage | Q17: Trung bình | R17: B4 | S17: Rau lá, rau thơm và nhóm thân/mầm; thường có quanh năm nhưng peak và vùng trồng khác nhau. | T17: Pending | V17: =COUNTIF('Seasonality Evidence'!B:B,A17) | W17: =COUNTIF('Seasonality Evidence'!B:B,A17) | X17: =COUNTIF('Research Evidence'!B:B,A17)
A18: 17 | B18: Rau lá | C18: Rau diếp cá | D18: VEG-RDC-017 | E18: Đồng Nai, Việt Nam | F18: OCOP 3 sao | G18: Giữ nơi mát, dùng trong 2 ngày. | H18: 300g | J18: Giàu khoáng chất, vitamin... Vị đặc trưng, tốt cho sức khỏe. | K18: Tự nhiên | L18: Tươi | M18: Salad / ăn sống | N18: Nội địa | O18: Origin|Standard|Preservation|Weight|Attributes|Seasonality heuristic | P18: Origin; Season window; Standard/cert; Preservation guidance; Flavor/Texture/Usage | Q18: Trung bình | R18: B4 | S18: Rau lá, rau thơm và nhóm thân/mầm; thường có quanh năm nhưng peak và vùng trồng khác nhau. | T18: Pending | V18: =COUNTIF('Seasonality Evidence'!B:B,A18) | W18: =COUNTIF('Seasonality Evidence'!B:B,A18) | X18: =COUNTIF('Research Evidence'!B:B,A18)
A19: 18 | B19: Rau lá | C19: Rau má | D19: VEG-RM-018 | E19: Tiền Giang, Việt Nam | F19: VietGAP | G19: Ngăn mát tủ lạnh, dùng trong 3 ngày. | H19: 250g | J19: Giàu vitamin B, giải nhiệt... Lá non xanh, mát gan thanh nhiệt. | K19: Thanh | L19: Tươi | M19: Salad / ăn sống | N19: Nội địa | O19: Origin|Standard|Preservation|Weight|Attributes|Seasonality heuristic | P19: Origin; Season window; Standard/cert; Preservation guidance; Flavor/Texture/Usage | Q19: Trung bình | R19: B4 | S19: Rau lá, rau thơm và nhóm thân/mầm; thường có quanh năm nhưng peak và vùng trồng khác nhau. | T19: Pending | V19: =COUNTIF('Seasonality Evidence'!B:B,A19) | W19: =COUNTIF('Seasonality Evidence'!B:B,A19) | X19: =COUNTIF('Research Evidence'!B:B,A19)
... A37: 36 | B37: Rau ăn hoa / thân / mầm | C37: Măng tre tươi | D37: VEG-MTT-036 | E37: Nghệ An, Việt Nam | F37: OCOP 4 sao | G37: Ngâm nước, đặt ngăn mát. | H37: 600g | J37: Giàu chất xơ, protein thực vật... Măng non giòn, ngọt thanh. | K37: Ngọt thanh | L37: Giòn | M37: Xào / nấu canh | N37: Nội địa | O37: Origin|Standard|Preservation|Weight|Attributes|Seasonality heuristic | P37: Origin; Season window; Standard/cert; Preservation guidance; Flavor/Texture/Usage | Q37: Trung bình | R37: B4 | S37: Rau lá, rau thơm và nhóm thân/mầm; thường có quanh năm nhưng peak và vùng trồng khác nhau. | T37: Pending | V37: =COUNTIF('Seasonality Evidence'!B:B,A37) | W37: =COUNTIF('Seasonality Evidence'!B:B,A37) | X37: =COUNTIF('Research Evidence'!B:B,A37)
A38: 37 | B38: Rau ăn hoa / thân / mầm | C38: Bắp cải tím | D38: VEG-BCT-037 | E38: Đà Lạt, Việt Nam | F38: VietGAP | G38: Bảo quản ngăn mát 1-2 tuần. | H38: 800g | I38: 7 | J38: Giàu anthocyanin, vitamin C, K... Màu tím đẹp, giòn ngọt. | K38: Ngọt | L38: Giòn | M38: Salad / ăn sống | N38: Nội địa | O38: Origin|Standard|Preservation|Weight|Attributes|Seasonality heuristic | P38: Origin; Season window; Standard/cert; Preservation guidance; Flavor/Texture/Usage | Q38: Trung bình | R38: B4 | S38: Rau lá, rau thơm và nhóm thân/mầm; thường có quanh năm nhưng peak và vùng trồng khác nhau. | T38: Pending | V38: =COUNTIF('Seasonality Evidence'!B:B,A38) | W38: =COUNTIF('Seasonality Evidence'!B:B,A38) | X38: =COUNTIF('Research Evidence'!B:B,A38)
A39: 38 | B39: Rau ăn hoa / thân / mầm | C39: Cải Brussels sprouts | D39: VEG-CBS-038 | E39: Lâm Đồng, Việt Nam | F39: GlobalGAP | G39: Ngăn mát, dùng trong 1 tuần. | H39: 350g | I39: 7 | J39: Giàu vitamin C, K, chất xơ... Búp nhỏ xanh, vị đậm đà. | K39: Tự nhiên | L39: Tươi | M39: Xào | N39: Nội địa | O39: Origin|Standard|Preservation|Weight|Attributes|Seasonality heuristic | P39: Origin; Season window; Standard/cert; Preservation guidance; Flavor/Texture/Usage | Q39: Trung bình | R39: B4 | S39: Rau lá, rau thơm và nhóm thân/mầm; thường có quanh năm nhưng peak và vùng trồng khác nhau. | T39: Pending | V39: =COUNTIF('Seasonality Evidence'!B:B,A39) | W39: =COUNTIF('Seasonality Evidence'!B:B,A39) | X39: =COUNTIF('Research Evidence'!B:B,A39)
A40: 39 | B40: Rau ăn hoa / thân / mầm | C40: Rau mầm alfalfa | D40: VEG-RMA-039 | E40: TP.HCM, Việt Nam | F40: VietGAP | G40: Dùng ngay trong ngày. | H40: 150g | J40: Giàu protein, vitamin K, enzyme... Mầm tươi giòn, dễ tiêu hóa. | K40: Tự nhiên | L40: Giòn | M40: Salad / ăn sống | N40: Nội địa | O40: Origin|Standard|Preservation|Weight|Attributes|Seasonality heuristic | P40: Origin; Season window; Standard/cert; Preservation guidance; Flavor/Texture/Usage | Q40: Trung bình | R40: B4 | S40: Rau lá, rau thơm và nhóm thân/mầm; thường có quanh năm nhưng peak và vùng trồng khác nhau. | T40: Pending | V40: =COUNTIF('Seasonality Evidence'!B:B,A40) | W40: =COUNTIF('Seasonality Evidence'!B:B,A40) | X40: =COUNTIF('Research Evidence'!B:B,A40)
A41: 40 | B41: Rau ăn quả | C41: Ớt hiểm | D41: VEG-OH-040 | E41: Bình Dương, Việt Nam | F41: VietGAP | G41: Nơi khô mát 5-7 ngày. | H41: 250g | J41: Giàu vitamin C, capsaicin... Quả nhỏ xanh/đỏ, cay nồng. | K41: Cay | L41: Tươi | M41: Đa dụng | N41: Nội địa | O41: Origin|Standard|Preservation|Weight|Attributes|Seasonality heuristic | P41: Origin; Season window; Standard/cert; Preservation guidance; Flavor/Texture/Usage | Q41: Trung bình | R41: B5 | S41: Rau ăn quả, củ/rễ, nấm và nhóm còn lại; kiểm tra seasonality/cultivation theo vùng hoặc mô hình trồng. | T41: Pending | V41: =COUNTIF('Seasonality Evidence'!B:B,A41) | W41: =COUNTIF('Seasonality Evidence'!B:B,A41) | X41: =COUNTIF('Research Evidence'!B:B,A41)
A42: 41 | B42: Rau ăn quả | C42: Bầu xanh | D42: VEG-BX-041 | E42: Long An, Việt Nam | F42: VietGAP | G42: Nơi khô thoáng 5-7 ngày. | H42: 1.5kg | I42: 7 | J42: Giàu nước, vitamin B, C... Quả xanh tươi, vị ngọt mát. | K42: Ngọt | L42: Tươi | M42: Xào / nấu canh | N42: Nội địa | O42: Origin|Standard|Preservation|Weight|Attributes|Seasonality heuristic | P42: Origin; Season window; Standard/cert; Preservation guidance; Flavor/Texture/Usage | Q42: Trung bình | R42: B5 | S42: Rau ăn quả, củ/rễ, nấm và nhóm còn lại; kiểm tra seasonality/cultivation theo vùng hoặc mô hình trồng. | T42: Pending | V42: =COUNTIF('Seasonality Evidence'!B:B,A42) | W42: =COUNTIF('Seasonality Evidence'!B:B,A42) | X42: =COUNTIF('Research Evidence'!B:B,A42)
A43: 42 | B43: Rau ăn quả | C43: Mướp hương | D43: VEG-MH-042 | E43: Tiền Giang, Việt Nam | F43: VietGAP | G43: Nơi khô mát 4-5 ngày. | H43: 600g | J43: Giàu vitamin A, C, chất xơ... Quả xanh dài, giòn ngọt. | K43: Ngọt | L43: Giòn | M43: Xào / nấu canh | N43: Nội địa | O43: Origin|Standard|Preservation|Weight|Attributes|Seasonality heuristic | P43: Origin; Season window; Standard/cert; Preservation guidance; Flavor/Texture/Usage | Q43: Trung bình | R43: B5 | S43: Rau ăn quả, củ/rễ, nấm và nhóm còn lại; kiểm tra seasonality/cultivation theo vùng hoặc mô hình trồng. | T43: Pending | V43: =COUNTIF('Seasonality Evidence'!B:B,A43) | W43: =COUNTIF('Seasonality Evidence'!B:B,A43) | X43: =COUNTIF('Research Evidence'!B:B,A43)
A44: 43 | B44: Rau ăn quả | C44: Dưa chuột baby | D44: VEG-DCB-043 | E44: Lâm Đồng, Việt Nam | F44: GlobalGAP | G44: Ngăn mát 3-4 ngày. | H44: 300g | J44: Giàu nước, vitamin K... Quả nhỏ giòn, ngọt thanh. | K44: Ngọt thanh | L44: Giòn | M44: Salad / ăn sống | N44: Nội địa | O44: Origin|Standard|Preservation|Weight|Attributes|Seasonality heuristic | P44: Origin; Season window; Standard/cert; Preservation guidance; Flavor/Texture/Usage | Q44: Trung bình | R44: B5 | S44: Rau ăn quả, củ/rễ, nấm và nhóm còn lại; kiểm tra seasonality/cultivation theo vùng hoặc mô hình trồng. | T44: Pending | V44: =COUNTIF('Seasonality Evidence'!B:B,A44) | W44: =COUNTIF('Seasonality Evidence'!B:B,A44) | X44: =COUNTIF('Research Evidence'!B:B,A44)
A45: 44 | B45: Rau ăn quả | C45: Đậu bắp | D45: VEG-DB-044 | E45: Đà Lạt, Việt Nam | F45: VietGAP | G45: Ngăn mát 4-5 ngày. | H45: 400g | J45: Giàu chất xơ, folate... Quả xanh giòn, vị ngọt nhẹ. | K45: Ngọt nhẹ | L45: Giòn | M45: Xào / nấu canh | N45: Nội địa | O45: Origin|Standard|Preservation|Weight|Attributes|Seasonality heuristic | P45: Origin; Season window; Standard/cert; Preservation guidance; Flavor/Texture/Usage | Q45: Trung bình | R45: B5 | S45: Rau ăn quả, củ/rễ, nấm và nhóm còn lại; kiểm tra seasonality/cultivation theo vùng hoặc mô hình trồng. | T45: Pending | V45: =COUNTIF('Seasonality Evidence'!B:B,A45) | W45: =COUNTIF('Seasonality Evidence'!B:B,A45) | X45: =COUNTIF('Research Evidence'!B:B,A45)
A46: 45 | B46: Củ & rễ | C46: Củ cải trắng | D46: VEG-CCT-045 | E46: Đà Lạt, Việt Nam | F46: VietGAP | G46: Nơi khô mát 1-2 tuần. | H46: 800g | J46: Giàu vitamin C, chất xơ... Củ trắng giòn, vị ngọt thanh. | K46: Ngọt thanh | L46: Giòn | M46: Nấu canh | N46: Nội địa | O46: Origin|Standard|Preservation|Weight|Attributes|Seasonality heuristic | P46: Origin; Season window; Standard/cert; Preservation guidance; Flavor/Texture/Usage | Q46: Trung bình | R46: B5 | S46: Rau ăn quả, củ/rễ, nấm và nhóm còn lại; kiểm tra seasonality/cultivation theo vùng hoặc mô hình trồng. | T46: Pending | V46: =COUNTIF('Seasonality Evidence'!B:B,A46) | W46: =COUNTIF('Seasonality Evidence'!B:B,A46) | X46: =COUNTIF('Research Evidence'!B:B,A46)
A47: 46 | B47: Củ & rễ | C47: Khoai lang Nhật | D47: VEG-KLN-046 | E47: Nhật Bản (trồng VN) | F47: GlobalGAP | G47: Nơi khô thoáng 2-3 tuần. | H47: 700g | J47: Giàu beta-carotene, chất xơ... Củ vàng cam, ngọt bùi. | K47: Ngọt | L47: Tươi | M47: Nướng | N47: Nước ngoài / cần kiểm tra | O47: Origin|Standard|Preservation|Weight|Attributes|Seasonality heuristic | P47: Origin; Season window; Standard/cert; Preservation guidance; Flavor/Texture/Usage | Q47: Cao | R47: B2 | S47: Hàng nhập khẩu/hybrid origin/non-fruit cần nguồn gốc rất chặt và note rõ mức chắc chắn. | T47: Partially verified - batch 2 | U47: Bắc Giang: khoai lang Nhật trồng 2 vụ/năm, vụ Xuân thu đầu tháng 5 âm lịch và vụ Đông thu tháng 12 âm lịch; Tây Ninh có mô hình khoai lang tím Nhật vụ Đông Xuân. | V47: 2 | W47: 2 | X47: 1 | Y47: Vietnam; Japan variety/origin label needs supplier confirmation | Z47: Bắc Giang; Tây Ninh | AA47: Domestic-grown / foreign variety label | AB47: GlobalGAP chưa kiểm chứng từ nguồn công khai | AC47: Nơi khô thoáng; cần xác nhận theo quy cách đóng gói nội bộ | AD47: Ngọt | AE47: Bở/dẻo tùy giống; nguồn không xác nhận SKU | AF47: Nướng, luộc, hấp | AG47: https://khuyennongvn.gov.vn/chuong-trinh-nganh-nong-nghiep/tai-co-cau-nganh-nong-nghiep/bac-giang-trong-khoai-thu-nhap-tren-120-150-trieu-donghavu-15779.html | AH47: https://khuyennongvn.gov.vn/chuong-trinh-nganh-nong-nghiep/tai-co-cau-nganh-nong-nghiep/khoai-lang-tim-nhat-cay-trong-tiem-nang-cho-nong-dan-tay-ninh-31095.html | AI47: 2026-04-24 21:12:38 ICT | AJ47: Chưa có nguồn công khai xác nhận GlobalGAP, vùng cung ứng SKU hiện tại hoặc nhãn 'Nhật Bản (trồng VN)'. | AK47: Nên đối chiếu chứng nhận/COA/nhà cung cấp trước khi nhập DB chính thức.
A48: 47 | B48: Củ & rễ | C48: Sắn lùn | D48: VEG-SL-047 | E48: Tây Nguyên, Việt Nam | F48: OCOP 3 sao | G48: Nơi khô thoáng 1 tuần. | H48: 1kg | J48: Giàu tinh bột, vitamin B... Củ trắng, bùi dẻo. | K48: Bùi | L48: Tươi | M48: Đa dụng | N48: Nội địa | O48: Origin|Standard|Preservation|Weight|Attributes|Seasonality heuristic | P48: Origin; Season window; Standard/cert; Preservation guidance; Flavor/Texture/Usage | Q48: Trung bình | R48: B5 | S48: Rau ăn quả, củ/rễ, nấm và nhóm còn lại; kiểm tra seasonality/cultivation theo vùng hoặc mô hình trồng. | T48: Pending | V48: =COUNTIF('Seasonality Evidence'!B:B,A48) | W48: =COUNTIF('Seasonality Evidence'!B:B,A48) | X48: =COUNTIF('Research Evidence'!B:B,A48)
A49: 48 | B49: Củ & rễ | C49: Gừng tươi | D49: VEG-GT-048 | E49: Lâm Đồng, Việt Nam | F49: VietGAP | G49: Nơi khô mát 2-3 tuần. | H49: 500g | J49: Giàu gingerol, chất chống viêm... Củ vàng, cay thơm. | K49: Cay | L49: Tươi | M49: Đa dụng | N49: Nội địa | O49: Origin|Standard|Preservation|Weight|Attributes|Seasonality heuristic | P49: Origin; Season window; Standard/cert; Preservation guidance; Flavor/Texture/Usage | Q49: Trung bình | R49: B5 | S49: Rau ăn quả, củ/rễ, nấm và nhóm còn lại; kiểm tra seasonality/cultivation theo vùng hoặc mô hình trồng. | T49: Pending | V49: =COUNTIF('Seasonality Evidence'!B:B,A49) | W49: =COUNTIF('Seasonality Evidence'!B:B,A49) | X49: =COUNTIF('Research Evidence'!B:B,A49)
A50: 49 | B50: Củ & rễ | C50: Hành tây tím | D50: VEG-HTT-049 | E50: Đà Lạt, Việt Nam | F50: GlobalGAP | G50: Nơi khô thoáng 3-4 tuần. | H50: 600g | J50: Giàu quercetin, vitamin C... Củ tím đẹp, vị ngọt nhẹ. | K50: Ngọt nhẹ | L50: Tươi | M50: Salad / ăn sống | N50: Nội địa | O50: Origin|Standard|Preservation|Weight|Attributes|Seasonality heuristic | P50: Origin; Season window; Standard/cert; Preservation guidance; Flavor/Texture/Usage | Q50: Trung bình | R50: B5 | S50: Rau ăn quả, củ/rễ, nấm và nhóm còn lại; kiểm tra seasonality/cultivation theo vùng hoặc mô hình trồng. | T50: Pending | V50: =COUNTIF('Seasonality Evidence'!B:B,A50) | W50: =COUNTIF('Seasonality Evidence'!B:B,A50) | X50: =COUNTIF('Research Evidence'!B:B,A50)
A51: 50 | B51: Nấm | C51: Nấm kim châm | D51: VEG-NKC-050 | E51: Lâm Đồng, Việt Nam | F51: VietGAP | G51: Ngăn mát 4-5 ngày. | H51: 300g | J51: Giàu đạm, vitamin D... Nấm trắng dài, giòn ngọt. | K51: Ngọt | L51: Giòn | M51: Xào / nấu canh | N51: Nội địa | O51: Origin|Standard|Preservation|Weight|Attributes|Seasonality heuristic | P51: Origin; Season window; Standard/cert; Preservation guidance; Flavor/Texture/Usage | Q51: Trung bình | R51: B5 | S51: Rau ăn quả, củ/rễ, nấm và nhóm còn lại; kiểm tra seasonality/cultivation theo vùng hoặc mô hình trồng. | T51: Pending | V51: =COUNTIF('Seasonality Evidence'!B:B,A51) | W51: =COUNTIF('Seasonality Evidence'!B:B,A51) | X51: =COUNTIF('Research Evidence'!B:B,A51)
A52: 51 | B52: Nấm | C52: Nấm bào ngư | D52: VEG-NBN-051 | E52: Đà Lạt, Việt Nam | F52: GlobalGAP | G52: Ngăn mát 5-6 ngày. | H52: 400g | J52: Giàu protein, vitamin B... Nấm tai lớn, thơm ngon. | K52: Tự nhiên | L52: Tươi | M52: Xào / nấu canh | N52: Nội địa | O52: Origin|Standard|Preservation|Weight|Attributes|Seasonality heuristic | P52: Origin; Season window; Standard/cert; Preservation guidance; Flavor/Texture/Usage | Q52: Trung bình | R52: B5 | S52: Rau ăn quả, củ/rễ, nấm và nhóm còn lại; kiểm tra seasonality/cultivation theo vùng hoặc mô hình trồng. | T52: Pending | V52: =COUNTIF('Seasonality Evidence'!B:B,A52) | W52: =COUNTIF('Seasonality Evidence'!B:B,A52) | X52: =COUNTIF('Research Evidence'!B:B,A52)
A53: 52 | B53: Nấm | C53: Nấm hương khô | D53: VEG-NHK-052 | E53: Trung Quốc | F53: Organic | G53: Nơi khô ráo, tránh ẩm. | H53: 200g | J53: Giàu umami, vitamin D... Nấm khô thơm đậm, bổ dưỡng. | K53: Tự nhiên | L53: Tươi | M53: Xào / nấu canh | N53: Nước ngoài / cần kiểm tra | O53: Origin|Standard|Preservation|Weight|Attributes|Seasonality heuristic | P53: Origin; Season window; Standard/cert; Preservation guidance; Flavor/Texture/Usage | Q53: Cao | R53: B2 | S53: Hàng nhập khẩu/hybrid origin/non-fruit cần nguồn gốc rất chặt và note rõ mức chắc chắn. | T53: Partially verified - batch 2 | U53: Nấm hương khô là sản phẩm chế biến/khô; mùa vụ bán lẻ không nên suy ra bằng lịch tươi nếu chưa có dữ liệu theo lô. Trung Quốc có sản xuất và xuất khẩu nấm hương khô. | V53: 1 | W53: 1 | X53: 2 | Y53: China | Z53: China; Hubei/Suizhou context for processed shiitake | AA53: Imported | AB53: Organic chưa kiểm chứng từ nguồn công khai | AC53: Nơi khô ráo, tránh ẩm; cần giữ kín bao bì sau mở | AD53: Umami, mùi nấm đậm | AE53: Khô; mềm lại sau ngâm | AF53: Xào, nấu canh, hầm | AG53: https://fao.org/docrep/fao/005/AB598E/AB598E00.pdf | AH53: https://en.people.cn/n3/2025/0930/c98649-20373212.html | AI53: 2026-04-24 21:12:38 ICT | AJ53: Chưa xác nhận chứng nhận Organic, tỉnh sản xuất, nhà xuất khẩu và mùa vụ cụ thể của SKU. | AK53: Cần ưu tiên kiểm chứng bằng chứng từ nhập khẩu/nhãn sản phẩm.
A54: 53 | B54: Nấm | C54: Nấm linh chi đỏ | D54: VEG-NLC-053 | E54: Hàn Quốc (trồng VN) | F54: Dược liệu | G54: Nơi khô ráo, thoáng mát. | H54: 100g | J54: Dược liệu quý, giàu polysaccharide... Nấm đỏ thẫm, bổ dưỡng. | K54: Tự nhiên | L54: Tươi | M54: Nấu canh | N54: Nước ngoài / cần kiểm tra | O54: Origin|Standard|Preservation|Weight|Attributes|Seasonality heuristic | P54: Origin; Season window; Standard/cert; Preservation guidance; Flavor/Texture/Usage | Q54: Cao | R54: B2 | S54: Hàng nhập khẩu/hybrid origin/non-fruit cần nguồn gốc rất chặt và note rõ mức chắc chắn. | T54: Partially verified - batch 2 | U54: Nấm linh chi đỏ trồng theo chu kỳ nuôi trồng: lứa đầu khoảng 3 tháng, có thể thu nhiều lứa cách nhau khoảng 70-80 ngày; không nên gán mùa tự nhiên cố định. | V54: 1 | W54: 1 | X54: 1 | Y54: Vietnam cultivation verified; Korea origin label unverified | Z54: Hòa Bình; Lâm Đồng context cần kiểm chứng thêm nếu SKU ghi Đà Lạt | AA54: Domestic-grown / foreign-origin label needs supplier confirmation | AB54: Dược liệu chưa kiểm chứng bằng tiêu chuẩn cụ thể | AC54: Dạng khô nên để nơi khô ráo, thoáng mát; nguồn ghi sấy 40-45 độ C sau thu hái | AD54: Đắng nhẹ/đặc trưng dược liệu | AE54: Khô, cứng; dùng thái lát/hãm/nấu | AF54: Pha trà, sắc/nấu nước; không nên ghi nấu canh nếu chưa xác nhận mục đích bán | AG54: https://khuyennongvn.gov.vn/chuong-trinh-nganh-nong-nghiep/tai-co-cau-nganh-nong-nghiep/hoa-binh-trong-nam-linh-chi-tren-gia-the-go-keo-tuoi--mo-hinh-kinh-te-hieu-qua-21892.html | AI54: 2026-04-24 21:12:38 ICT | AJ54: Chưa xác nhận giống Hàn Quốc, tiêu chuẩn dược liệu và vùng cung ứng thật của SKU. | AK54: Nên kiểm tra nhãn/COA vì đây là nhóm dược liệu.
A55: 54 | B55: Nấm | C55: Nấm rơm tươi | D55: VEG-NRT-054 | E55: Đồng Tháp, Việt Nam | F55: VietGAP | G55: Ngăn mát 2-3 ngày. | H55: 300g | J55: Giàu protein, vitamin B... Nấm tròn trắng, mềm ngọt. | K55: Ngọt | L55: Mềm | M55: Xào / nấu canh | N55: Nội địa | O55: Origin|Standard|Preservation|Weight|Attributes|Seasonality heuristic | P55: Origin; Season window; Standard/cert; Preservation guidance; Flavor/Texture/Usage | Q55: Trung bình | R55: B5 | S55: Rau ăn quả, củ/rễ, nấm và nhóm còn lại; kiểm tra seasonality/cultivation theo vùng hoặc mô hình trồng. | T55: Pending | V55: =COUNTIF('Seasonality Evidence'!B:B,A55) | W55: =COUNTIF('Seasonality Evidence'!B:B,A55) | X55: =COUNTIF('Research Evidence'!B:B,A55)
A56: 55 | B56: Rau thơm & gia vị | C56: Hành lá | D56: VEG-HL-055 | E56: Long An, Việt Nam | F56: VietGAP | G56: Ngăn mát 3-4 ngày. | H56: 200g | J56: Giàu vitamin K, folate... Lá xanh thơm, vị cay nhẹ. | K56: Cay | L56: Tươi | M56: Đa dụng | N56: Nội địa | O56: Origin|Standard|Preservation|Weight|Attributes|Seasonality heuristic | P56: Origin; Season window; Standard/cert; Preservation guidance; Flavor/Texture/Usage | Q56: Trung bình | R56: B4 | S56: Rau lá, rau thơm và nhóm thân/mầm; thường có quanh năm nhưng peak và vùng trồng khác nhau. | T56: Pending | V56: =COUNTIF('Seasonality Evidence'!B:B,A56) | W56: =COUNTIF('Seasonality Evidence'!B:B,A56) | X56: =COUNTIF('Research Evidence'!B:B,A56)
A57: 56 | B57: Rau thơm & gia vị | C57: Ngò rí | D57: VEG-NR-056 | E57: Tiền Giang, Việt Nam | F57: VietGAP | G57: Ngăn mát 2-3 ngày. | H57: 150g | J57: Giàu vitamin C, K... Lá xanh, thơm đặc trưng. | K57: Tự nhiên | L57: Tươi | M57: Nấu canh | N57: Nội địa | O57: Origin|Standard|Preservation|Weight|Attributes|Seasonality heuristic | P57: Origin; Season window; Standard/cert; Preservation guidance; Flavor/Texture/Usage | Q57: Trung bình | R57: B4 | S57: Rau lá, rau thơm và nhóm thân/mầm; thường có quanh năm nhưng peak và vùng trồng khác nhau. | T57: Pending | V57: =COUNTIF('Seasonality Evidence'!B:B,A57) | W57: =COUNTIF('Seasonality Evidence'!B:B,A57) | X57: =COUNTIF('Research Evidence'!B:B,A57)
A58: 57 | B58: Rau thơm & gia vị | C58: Húng lủi | D58: VEG-HL-057 | E58: Đồng Nai, Việt Nam | F58: VietGAP | G58: Ngăn mát 2-3 ngày. | H58: 100g | J58: Giàu tinh dầu thơm... Lá xanh, mùi thơm độc đáo. | K58: Tự nhiên | L58: Tươi | M58: Salad / ăn sống | N58: Nội địa | O58: Origin|Standard|Preservation|Weight|Attributes|Seasonality heuristic | P58: Origin; Season window; Standard/cert; Preservation guidance; Flavor/Texture/Usage | Q58: Trung bình | R58: B4 | S58: Rau lá, rau thơm và nhóm thân/mầm; thường có quanh năm nhưng peak và vùng trồng khác nhau. | T58: Pending | V58: =COUNTIF('Seasonality Evidence'!B:B,A58) | W58: =COUNTIF('Seasonality Evidence'!B:B,A58) | X58: =COUNTIF('Research Evidence'!B:B,A58)
A59: 58 | B59: Rau thơm & gia vị | C59: Tía tô | D59: VEG-TT-058 | E59: Lâm Đồng, Việt Nam | F59: OCOP 3 sao | G59: Ngăn mát 3-4 ngày. | H59: 150g | J59: Giàu chất chống oxy hóa... Lá tím, thơm đặc trưng. | K59: Tự nhiên | L59: Tươi | M59: Salad / ăn sống | N59: Nội địa | O59: Origin|Standard|Preservation|Weight|Attributes|Seasonality heuristic | P59: Origin; Season window; Standard/cert; Preservation guidance; Flavor/Texture/Usage | Q59: Trung bình | R59: B4 | S59: Rau lá, rau thơm và nhóm thân/mầm; thường có quanh năm nhưng peak và vùng trồng khác nhau. | T59: Pending | V59: =COUNTIF('Seasonality Evidence'!B:B,A59) | W59: =COUNTIF('Seasonality Evidence'!B:B,A59) | X59: =COUNTIF('Research Evidence'!B:B,A59)
A60: 59 | B60: Rau thơm & gia vị | C60: Rau răm | D60: VEG-RR-059 | E60: Long An, Việt Nam | F60: VietGAP | G60: Ngăn mát 2-3 ngày. | H60: 150g | J60: Giàu vitamin C, chất xơ... Lá xanh thơm cay. | K60: Cay | L60: Tươi | M60: Salad / ăn sống | N60: Nội địa | O60: Origin|Standard|Preservation|Weight|Attributes|Seasonality heuristic | P60: Origin; Season window; Standard/cert; Preservation guidance; Flavor/Texture/Usage | Q60: Trung bình | R60: B4 | S60: Rau lá, rau thơm và nhóm thân/mầm; thường có quanh năm nhưng peak và vùng trồng khác nhau. | T60: Pending | V60: =COUNTIF('Seasonality Evidence'!B:B,A60) | W60: =COUNTIF('Seasonality Evidence'!B:B,A60) | X60: =COUNTIF('Research Evidence'!B:B,A60)
A61: 60 | B61: Rau thơm & gia vị | C61: Hành tỏi phi | D61: VEG-HTP-060 | E61: TP.HCM, Việt Nam | F61: Chế biến sẵn | G61: Hộp kín, nơi khô mát. | H61: 250g | J61: Hành tỏi phi sẵn, thơm giòn... Tiết kiệm thời gian nấu. | K61: Tự nhiên | L61: Giòn | M61: Nấu canh | N61: Nội địa | O61: Origin|Standard|Preservation|Weight|Attributes|Seasonality heuristic | P61: Origin; Season window; Standard/cert; Preservation guidance; Flavor/Texture/Usage | Q61: Trung bình | R61: B4 | S61: Rau lá, rau thơm và nhóm thân/mầm; thường có quanh năm nhưng peak và vùng trồng khác nhau. | T61: Pending | V61: =COUNTIF('Seasonality Evidence'!B:B,A61) | W61: =COUNTIF('Seasonality Evidence'!B:B,A61) | X61: =COUNTIF('Research Evidence'!B:B,A61)
A62: 61 | B62: Trái cây | C62: Táo Fuji Nhật | D62: FRUIT-TFN-061 | E62: Nhật Bản | F62: GlobalGAP | G62: Nơi khô mát 2-3 tuần, hoặc ngăn mát tủ lạnh. | H62: 1kg (4-5 trái) | J62: Giàu vitamin C, chất xơ... Quả to đỏ, giòn ngọt thơm. | K62: Ngọt | L62: Giòn | M62: Salad / ăn sống | N62: Nước ngoài / cần kiểm tra | O62: Origin|Standard|Preservation|Weight|Attributes|Seasonality heuristic | P62: Origin; Season window; Standard/cert; Preservation guidance; Flavor/Texture/Usage | Q62: Cao | R62: B1 | S62: Trái cây nhập khẩu hoặc ngoại nguồn, cần đối chiếu chính xác theo nguồn gốc xuất xứ. | T62: Partially verified - batch 1 | U62: Aomori (Nhật): Fuji nổi bật từ khoảng tháng 11; xuất khẩu táo Aomori bắt đầu từ tháng 10 và bảo quản lạnh giúp kéo dài chất lượng qua đầu năm. | V62: =COUNTIF('Seasonality Evidence'!B:B,A62) | W62: =COUNTIF('Seasonality Evidence'!B:B,A62) | X62: =COUNTIF('Research Evidence'!B:B,A62) | Y62: Japan | Z62: Aomori Prefecture | AA62: Imported | AC62: Strict temperature control; quality can extend beyond New Year in storage. | AD62: Juicy, fragrant, sweet | AE62: Crisp / juicy | AG62: https://j-fec.com/en/producer/pdf/en/20/ | AI62: 2026-04-24 14:43:30 ICT | AJ62: Tháng kết thúc đang suy từ note bảo quản qua đầu năm; chưa có closing month Fuji thật sự rõ trong nguồn chính.
A63: 62 | B63: Trái cây | C63: Cam Cara ruột đỏ | D63: FRUIT-CCR-062 | E63: Úc | F63: GlobalGAP | G63: Nơi khô thoáng 1-2 tuần. | H63: 1kg (3-4 trái) | J63: Giàu vitamin C, lycopene... Ruột đỏ tươi, ngọt thanh, ít hạt. | K63: Ngọt thanh | L63: Tươi | M63: Đa dụng | N63: Nước ngoài / cần kiểm tra | O63: Origin|Standard|Preservation|Weight|Attributes|Seasonality heuristic | P63: Origin; Season window; Standard/cert; Preservation guidance; Flavor/Texture/Usage | Q63: Cao | R63: B1 | S63: Trái cây nhập khẩu hoặc ngoại nguồn, cần đối chiếu chính xác theo nguồn gốc xuất xứ. | T63: Partially verified - batch 1 | U63: Australia: nhóm navel vào mùa tháng 6-10; Cara Cara được mô tả là giống early-to-mid-season trong nhóm navel. | V63: =COUNTIF('Seasonality Evidence'!B:B,A63) | W63: =COUNTIF('Seasonality Evidence'!B:B,A63) | X63: =COUNTIF('Research Evidence'!B:B,A63) | Y63: Australia | Z63: Murray Valley / Riverina / Riverland | AA63: Imported | AD63: Sweet, red-fleshed | AE63: Juicy / low-seed | AG63: https://citrusaustralia.com.au/buying-australian/season/ | AH63: https://agriculture.vic.gov.au/__data/assets/pdf_file/0010/629902/Citrus-Traceability-Pilot.pdf | AI63: 2026-04-24 14:43:30 ICT | AJ63: Khung tháng Cara Cara đang suy trong cửa sổ navel June-October vì chưa có lịch Cara Cara Australia theo tháng từ nguồn chính thống mạnh hơn.
A64: 63 | B64: Trái cây | C64: Nho Mỹ không hạt | D64: FRUIT-NMK-063 | E64: Mỹ | F64: USDA Organic | G64: Ngăn mát tủ lạnh 1 tuần. | H64: 500g | J64: Giàu chất chống oxy hóa, vitamin K... Quả to, ngọt, không hạt. | K64: Ngọt | L64: Giòn | M64: Salad / ăn sống | N64: Nước ngoài / cần kiểm tra | O64: Origin|Standard|Preservation|Weight|Attributes|Seasonality heuristic | P64: Origin; Season window; Standard/cert; Preservation guidance; Flavor/Texture/Usage | Q64: Cao | R64: B1 | S64: Trái cây nhập khẩu hoặc ngoại nguồn, cần đối chiếu chính xác theo nguồn gốc xuất xứ. | T64: Partially verified - batch 1 | U64: California, Mỹ: Coachella Valley từ tháng 5 đến đầu tháng 7; San Joaquin Valley từ đầu tháng 7 đến tháng 12; nho California có mặt trên thị trường từ tháng 5 đến tháng 1. | V64: =COUNTIF('Seasonality Evidence'!B:B,A64) | W64: =COUNTIF('Seasonality Evidence'!B:B,A64) | X64: =COUNTIF('Research Evidence'!B:B,A64) | Y64: United States | Z64: California - Coachella Valley / San Joaquin Valley | AA64: Imported | AG64: https://www.grapesfromcalifornia.com/wp-content/uploads/2023/06/20230605-grapes-from-california-merchandising-and-training-guide-2023.pdf | AI64: 2026-04-24 14:43:30 ICT
A65: 64 | B65: Trái cây | C65: Xoài cát Hòa Lộc | D65: FRUIT-XCH-064 | E65: Tiền Giang, Việt Nam | F65: VietGAP | G65: Nơi khô mát 5-7 ngày. | H65: 1kg (2-3 trái) | J65: Giàu vitamin A, C... Thịt vàng óng, ngọt đậm, thơm nức. | K65: Ngọt | L65: Tươi | M65: Đa dụng | N65: Nội địa | O65: Origin|Standard|Preservation|Weight|Attributes|Seasonality heuristic | P65: Origin; Season window; Standard/cert; Preservation guidance; Flavor/Texture/Usage | Q65: Trung bình | R65: B3 | S65: Trái cây nội địa và đặc sản vùng miền, ưu tiên peak season + khác biệt theo tỉnh/vùng. | T65: Partially verified - batch 3 | U65: Tiền Giang (Cái Bè): mùa vụ GI truyền thống từ tháng 2-5; nguồn Bộ Công Thương ghi nhận hiện nay có thêm mùa vụ từ tháng 10-12. | V65: =COUNTIF('Seasonality Evidence'!B:B,A65) | W65: =COUNTIF('Seasonality Evidence'!B:B,A65) | X65: =COUNTIF('Research Evidence'!B:B,A65) | Y65: Vietnam | Z65: Tiền Giang - Cái Bè | AA65: Domestic | AB65: GlobalGAP (context at vùng/nhóm sản phẩm; cần kiểm tra hiệu lực nếu dùng như claim bắt buộc cho từng lô) | AD65: Ngọt, thơm dịu | AE65: Dẻo, mịn, ít xơ | AG65: https://ipvietnam.gov.vn/documents/20195/811934/Ch%E1%BB%89%2Bd%E1%BA%ABn%2B%C4%91%E1%BB%8Ba%2Bl%C3%BD%2B%E2%80%93%2BDi%2Bs%E1%BA%A3n%2Bthi%C3%AAn%2Bnhi%C3%AAn%2Bv%C4%83n%2Bh%C3%B3a%2BVi%E1%BB%87t%2B%28ti%E1%BA%BFng%2BVi%E1%BB%87t%29.pdf/a56b0cb4-d8bd-475a-be64-bba40329fb9f | AH65: https://moit.gov.vn/tu-hao-hang-viet-nam/gioi-thieu-xoai-cat-hoa-loc.html | AI65: 2026-04-24 14:48:34 ICT | AJ65: Khung 10-12 là mùa vụ tăng thêm theo nguồn Bộ Công Thương; nếu cần áp vào rule máy nên tách rõ `mùa truyền thống` và `mùa mở rộng/rải vụ`.
A66: 65 | B66: Trái cây | C66: Dưa hấu không hạt | D66: FRUIT-DHK-065 | E66: Long An, Việt Nam | F66: VietGAP | G66: Nơi khô mát 1 tuần, cắt rồi để ngăn mát 2-3 ngày. | H66: 2-3kg (1 trái) | J66: Giàu nước, lycopene... Ruột đỏ tươi, ngọt mát, không hạt. | K66: Ngọt | L66: Tươi | M66: Đa dụng | N66: Nội địa | O66: Origin|Standard|Preservation|Weight|Attributes|Seasonality heuristic | P66: Origin; Season window; Standard/cert; Preservation guidance; Flavor/Texture/Usage | Q66: Trung bình | R66: B3 | S66: Trái cây nội địa và đặc sản vùng miền, ưu tiên peak season + khác biệt theo tỉnh/vùng. | T66: Partially verified - batch 3 | U66: Long An: có vụ dưa hấu Tết tại Vĩnh Hưng, dự kiến thu hoạch giữa tháng Chạp; chưa có nguồn tách riêng dưa không hạt. | V66: =COUNTIF('Seasonality Evidence'!B:B,A66) | W66: =COUNTIF('Seasonality Evidence'!B:B,A66) | X66: =COUNTIF('Research Evidence'!B:B,A66) | Y66: Vietnam | Z66: Long An - Vĩnh Hưng/Tân Trụ/Long Trì context | AA66: Domestic | AG66: https://baolongan.vn/vinh-hung-nong-dan-gieo-trong-hon-250ha-dua-hau-phuc-vu-thi-truong-tet-a186458.html | AH66: https://baolongan.vn/goc-anh-long-an-que-huong-toi-dua-hau-long-an-a180898.html | AI66: 2026-04-24 21:05:08 ICT | AJ66: Nguồn xác nhận dưa hấu Long An/vụ Tết nhưng chưa tách riêng giống không hạt.
A67: 66 | B67: Trái cây | C67: Bơ Booth 7 | D67: FRUIT-BB7-066 | E67: Đắk Lắk, Việt Nam | F67: GlobalGAP | G67: Nơi khô mát đến khi chín, sau đó ngăn mát 3-5 ngày. | H67: 500g (2-3 trái) | J67: Giàu chất béo tốt, vitamin E... Thịt béo mịn, vị bùi thơm. | K67: Bùi | L67: Tươi | M67: Salad / ăn sống | N67: Nội địa | O67: Origin|Standard|Preservation|Weight|Attributes|Seasonality heuristic | P67: Origin; Season window; Standard/cert; Preservation guidance; Flavor/Texture/Usage | Q67: Trung bình | R67: B3 | S67: Trái cây nội địa và đặc sản vùng miền, ưu tiên peak season + khác biệt theo tỉnh/vùng. | T67: Partially verified - batch 3 | U67: Đắk Lắk: bơ có chính vụ tháng 4-7 và vụ muộn tháng 9-11; nguồn nêu Booth 7 là một giống phổ biến. | V67: =COUNTIF('Seasonality Evidence'!B:B,A67) | W67: =COUNTIF('Seasonality Evidence'!B:B,A67) | X67: =COUNTIF('Research Evidence'!B:B,A67) | Y67: Vietnam | Z67: Đắk Lắk | AA67: Domestic | AG67: https://socongthuong.daklak.gov.vn/vi/news/hoat-dong-nganh-cong-thuong/bo-dak-lak-hanh-trinh-den-voi-nguoi-tieu-dung-3497.html | AH67: https://khuyennongvn.gov.vn/guong-san-xuat-gioi/kinh-nghiem-su-dung-dam-ca-trong-canh-tac-bo-cua-mot-nong-dan-dak-nong-22533.html | AI67: 2026-04-24 21:05:08 ICT | AJ67: Mùa vụ là cho bơ Đắk Lắk nói chung; chưa có lịch Booth 7 riêng theo từng huyện.
A68: 67 | B68: Trái cây | C68: Dâu tây Đà Lạt | D68: FRUIT-DTD-067 | E68: Đà Lạt, Việt Nam | F68: VietGAP | G68: Ngăn mát tủ lạnh 3-5 ngày. | H68: 500g | J68: Giàu vitamin C, chất chống oxy hóa... Quả đỏ tươi, ngọt chua. | K68: Ngọt | L68: Tươi | M68: Đa dụng | N68: Nội địa | O68: Origin|Standard|Preservation|Weight|Attributes|Seasonality heuristic | P68: Origin; Season window; Standard/cert; Preservation guidance; Flavor/Texture/Usage | Q68: Trung bình | R68: B3 | S68: Trái cây nội địa và đặc sản vùng miền, ưu tiên peak season + khác biệt theo tỉnh/vùng. | T68: Partially verified - batch 3 | U68: Đà Lạt/Lạc Dương: dâu tây công nghệ cao thu theo lứa, sau khoảng 4 tháng xuống giống có thể thu liên tục khoảng 6 tháng; mùa mưa làm giảm sản lượng so với mùa nắng. | V68: =COUNTIF('Seasonality Evidence'!B:B,A68) | W68: =COUNTIF('Seasonality Evidence'!B:B,A68) | X68: =COUNTIF('Research Evidence'!B:B,A68) | Y68: Vietnam | Z68: Lâm Đồng - Đà Lạt/Lạc Dương | AA68: Domestic | AC68: Bảo quản và vận chuyển lạnh sau thu hoạch. | AD68: Ngọt thơm, tùy giống | AE68: Mềm/giòn tùy giống | AG68: https://thitranlacduong.lamdong.gov.vn/chi-tiet-tin-tuc/?param=khao-nghiem-2-giong-dau-tay-moi-o-da-lat | AH68: https://khuyennong.lamdong.gov.vn/ky-thuat-trong-trot/ki-thuat-trong-rau/865-quy-trinh-k-thut-trng-cay-dau-tay | AI68: 2026-04-24 21:05:08 ICT | AJ68: Không nên quy về tháng cố định nếu không biết ngày xuống giống/giống/nhà kính; flavor phụ thuộc giống.
A69: 68 | B69: Trái cây | C69: Chuối già Nam Mỹ | D69: FRUIT-CGN-068 | E69: Nam Mỹ | F69: GlobalGAP | G69: Nơi khô thoáng 5-7 ngày. | H69: 1kg (4-5 trái) | J69: Giàu kali, vitamin B6... Quả vàng, ngọt thơm, dẻo. | K69: Ngọt | L69: Tươi | M69: Đa dụng | N69: Nước ngoài / cần kiểm tra | O69: Origin|Standard|Preservation|Weight|Attributes|Seasonality heuristic | P69: Origin; Season window; Standard/cert; Preservation guidance; Flavor/Texture/Usage | Q69: Cao | R69: B1 | S69: Trái cây nhập khẩu hoặc ngoại nguồn, cần đối chiếu chính xác theo nguồn gốc xuất xứ. | T69: Partially verified - batch 1 | U69: Chuối vùng nhiệt đới Nam Mỹ có đặc tính thu hoạch quanh năm; tuy vậy SKU hiện chỉ ghi Nam Mỹ nên chưa xác nhận được quốc gia/vùng trồng cụ thể. | V69: =COUNTIF('Seasonality Evidence'!B:B,A69) | W69: =COUNTIF('Seasonality Evidence'!B:B,A69) | X69: =COUNTIF('Research Evidence'!B:B,A69) | AA69: Imported | AG69: https://www.fao.org/3/y5102e/y5102e04.htm | AH69: https://sipa.agricultura.gob.ec/boletines/situacionales/2023/boletin_situacional_banano_2023.pdf | AI69: 2026-04-24 14:48:34 ICT | AJ69: Chưa thể chốt country/province vì catalog mới ghi Nam Mỹ; dữ liệu vùng Ecuador chỉ mang tính bối cảnh nếu sau này xác nhận được nguồn hàng.
A70: 69 | B70: Trái cây | C70: Đu đủ vàng | D70: FRUIT-DDV-069 | E70: Bình Phước, Việt Nam | F70: VietGAP | G70: Nơi khô mát 3-5 ngày, chín để ngăn mát. | H70: 1.5kg (1 trái) | J70: Giàu papain, vitamin A, C... Thịt vàng cam, ngọt mềm. | K70: Ngọt | L70: Mềm | M70: Đa dụng | N70: Nội địa | O70: Origin|Standard|Preservation|Weight|Attributes|Seasonality heuristic | P70: Origin; Season window; Standard/cert; Preservation guidance; Flavor/Texture/Usage | Q70: Trung bình | R70: B3 | S70: Trái cây nội địa và đặc sản vùng miền, ưu tiên peak season + khác biệt theo tỉnh/vùng. | T70: Partially verified - batch 3 | U70: Bình Phước: đu đủ nằm trong nhóm cây ăn trái hầu như cho thu hoạch quanh năm; chưa tách riêng giống đu đủ vàng. | V70: =COUNTIF('Seasonality Evidence'!B:B,A70) | W70: =COUNTIF('Seasonality Evidence'!B:B,A70) | X70: =COUNTIF('Research Evidence'!B:B,A70) | Y70: Vietnam | Z70: Bình Phước | AA70: Domestic | AG70: https://binhphuoc.gov.vn/vi/news/Hoat-dong-huyen-thi/phuoc-co-nhieu-chung-loai-cay-an-trai-hau-nhu-cho-thu-hoach-quanh-nam-21193.html | AI70: 2026-04-24 21:05:08 ICT | AJ70: Nguồn nói đu đủ trong nhóm cây ăn trái Bình Phước nói chung, chưa có lịch riêng cho giống đu đủ vàng.
A71: 70 | B71: Trái cây | C71: Thanh long ruột đỏ | D71: FRUIT-TLR-070 | E71: Bình Thuận, Việt Nam | F71: VietGAP | G71: Nơi khô mát 1-2 tuần, hoặc ngăn mát. | H71: 1kg (2-3 trái) | J71: Giàu vitamin C, chất xơ... Ruột đỏ tươi, ngọt nhẹ. | K71: Ngọt nhẹ | L71: Tươi | M71: Đa dụng | N71: Nội địa | O71: Origin|Standard|Preservation|Weight|Attributes|Seasonality heuristic | P71: Origin; Season window; Standard/cert; Preservation guidance; Flavor/Texture/Usage | Q71: Trung bình | R71: B3 | S71: Trái cây nội địa và đặc sản vùng miền, ưu tiên peak season + khác biệt theo tỉnh/vùng. | T71: Partially verified - batch 3 | U71: Bình Thuận: vùng GI gồm Hàm Tân, Hàm Thuận Nam, Hàm Thuận Bắc, Bắc Bình và Phan Thiết; vụ nghịch phục vụ cuối năm - Tết bắt đầu chong đèn từ tháng 10 âm lịch, thu hoạch từ tháng Chạp trở đi. | V71: =COUNTIF('Seasonality Evidence'!B:B,A71) | W71: =COUNTIF('Seasonality Evidence'!B:B,A71) | X71: =COUNTIF('Research Evidence'!B:B,A71) | Y71: Vietnam | Z71: Bình Thuận - vùng GI thanh long | AA71: Domestic | AG71: https://ipvietnam.gov.vn/phat-trien-chi-dan-ia-ly/-/asset_publisher/SGA9PgvmYtWI/content/thanh-long-binh-thuan-duoc-bao-ho-cddl-tai-nhat-ban?inheritRedirect=false | AH71: https://snnptnt.binhthuan.gov.vn/tin-nong-nghiep/thanh-long-vao-vu-nghich-bai-1-nang-cao-chat-luong-dap-ung-thi-truong-867366 | AI71: 2026-04-24 14:48:34 ICT | AJ71: Nguồn hiện mới chắc ở mức thanh long Bình Thuận nói chung và vụ nghịch theo âm lịch; chưa có nguồn mạnh cùng lúc tách riêng cho biến thể ruột đỏ và cửa sổ vụ thuận theo tháng dương lịch.
A72: 71 | B72: Trái cây | C72: Măng cụt | D72: FRUIT-MC-071 | E72: Thái Lan | F72: GlobalGAP | G72: Nơi khô mát 5-7 ngày. | H72: 1kg (5-7 trái) | J72: Giàu chất chống oxy hóa, vitamin C... Múi trắng ngọt thanh. | K72: Cay | L72: Tươi | M72: Đa dụng | N72: Nước ngoài / cần kiểm tra | O72: Origin|Standard|Preservation|Weight|Attributes|Seasonality heuristic | P72: Origin; Season window; Standard/cert; Preservation guidance; Flavor/Texture/Usage | Q72: Cao | R72: B1 | S72: Trái cây nhập khẩu hoặc ngoại nguồn, cần đối chiếu chính xác theo nguồn gốc xuất xứ. | T72: Partially verified - batch 1 | U72: Thái Lan: sẵn hàng từ tháng 4-12, đỉnh tháng 4-8; tại Khiriwong (Nakhon Si Thammarat) mùa trái tập trung khoảng tháng 7-9. | V72: =COUNTIF('Seasonality Evidence'!B:B,A72) | W72: =COUNTIF('Seasonality Evidence'!B:B,A72) | X72: =COUNTIF('Research Evidence'!B:B,A72) | Y72: Thailand | AA72: Imported | AC72: 3-4 weeks at 13°C and 90-95% RH. | AD72: Sweet, juicy, mild fragrance | AE72: Soft segmented flesh | AG72: https://www.doae.go.th/en/mangosteen-2/ | AH72: https://www.thailand.go.th/issue-focus-detail/001_02_255 | AI72: 2026-04-24 14:43:30 ICT
A73: 72 | B73: Trái cây | C73: Mít Thái siêu ngọt | D73: FRUIT-MTS-072 | E73: Tiền Giang, Việt Nam | F73: VietGAP | G73: Nơi khô mát 3-5 ngày, bóc múi để ngăn mát 2 ngày. | H73: 2kg (1 trái) | J73: Giàu vitamin C, chất xơ... Múi vàng đậm, ngọt đặc, thơm nức. | K73: Ngọt | L73: Tươi | M73: Đa dụng | N73: Nội địa | O73: Origin|Standard|Preservation|Weight|Attributes|Seasonality heuristic | P73: Origin; Season window; Standard/cert; Preservation guidance; Flavor/Texture/Usage | Q73: Trung bình | R73: B3 | S73: Trái cây nội địa và đặc sản vùng miền, ưu tiên peak season + khác biệt theo tỉnh/vùng. | T73: Partially verified - batch 3 | U73: Tiền Giang: mít Thái siêu sớm cho thu hoạch rải vụ gần như quanh năm. | V73: =COUNTIF('Seasonality Evidence'!B:B,A73) | W73: =COUNTIF('Seasonality Evidence'!B:B,A73) | X73: =COUNTIF('Research Evidence'!B:B,A73) | Y73: Vietnam | Z73: Tiền Giang - Cái Bè/Cai Lậy/Châu Thành/Tân Phước/TX Cai Lậy | AA73: Domestic | AG73: https://tiengiang.gov.vn/chi-tiet-tin?%2Fgia-mit-thai-tang-manh-giup-nong-dan-on-inh-cuoc-song-trong-tinh-hinh-dich-benh-con-phuc-tap%2F32403960= | AH73: https://tiengiang.gov.vn/chi-tiet-tin/?%2Fphat-trien-vung-mit-chuyen-canh-tren-nhung-ia-ban-san-xuat-kho-khan%2F58616436= | AI73: 2026-04-24 21:05:08 ICT
A74: 73 | B74: Trái cây | C74: Lựu đỏ Mỹ | D74: FRUIT-LDM-073 | E74: Mỹ | F74: USDA Organic | G74: Nơi khô mát 2 tuần, hoặc ngăn mát. | H74: 800g (1-2 trái) | J74: Giàu chất chống oxy hóa, vitamin K... Hạt đỏ mọng, ngọt chua. | K74: Ngọt | L74: Tươi | M74: Salad / ăn sống | N74: Nước ngoài / cần kiểm tra | O74: Origin|Standard|Preservation|Weight|Attributes|Seasonality heuristic | P74: Origin; Season window; Standard/cert; Preservation guidance; Flavor/Texture/Usage | Q74: Cao | R74: B1 | S74: Trái cây nhập khẩu hoặc ngoại nguồn, cần đối chiếu chính xác theo nguồn gốc xuất xứ. | T74: Partially verified - batch 1 | U74: California (San Joaquin Valley): mùa lựu từ khoảng tháng 10 đến tháng 1. | V74: =COUNTIF('Seasonality Evidence'!B:B,A74) | W74: =COUNTIF('Seasonality Evidence'!B:B,A74) | X74: =COUNTIF('Research Evidence'!B:B,A74) | Y74: United States | Z74: California - San Joaquin Valley | AA74: Imported | AG74: https://pomegranates.org/about/why-california/ | AI74: 2026-04-24 14:43:30 ICT
A75: 74 | B75: Trái cây | C75: Dưa lưới Nhật | D75: FRUIT-DLN-074 | E75: Nhật Bản | F75: Premium | G75: Nơi khô mát, chín mềm để ngăn mát 2-3 ngày. | H75: 1.2kg (1 trái) | J75: Giàu vitamin A, C... Thịt cam mềm, ngọt thơm, cao cấp. | K75: Ngọt | L75: Mềm | M75: Đa dụng | N75: Nước ngoài / cần kiểm tra | O75: Origin|Standard|Preservation|Weight|Attributes|Seasonality heuristic | P75: Origin; Season window; Standard/cert; Preservation guidance; Flavor/Texture/Usage | Q75: Cao | R75: B1 | S75: Trái cây nhập khẩu hoặc ngoại nguồn, cần đối chiếu chính xác theo nguồn gốc xuất xứ. | T75: Partially verified - batch 1 | U75: Nhật Bản: Ibaraki shipping từ cuối tháng 4 đến cuối tháng 10; Shizuoka greenhouse có thể cung ứng quanh năm. | V75: =COUNTIF('Seasonality Evidence'!B:B,A75) | W75: =COUNTIF('Seasonality Evidence'!B:B,A75) | X75: =COUNTIF('Research Evidence'!B:B,A75) | Y75: Japan | Z75: Ibaraki / Shizuoka | AA75: Imported | AC75: Keep refrigerated. | AD75: Rich aroma, sweet | AE75: Soft / juicy flesh | AG75: https://exports.pref.ibaraki.jp/en/product/detail?id=714713 | AH75: https://fujinokuni.shokunomiyako-shizuoka.pref.shizuoka.jp/en/buy-food/1884 | AI75: 2026-04-24 14:43:30 ICT | AJ75: Catalog chỉ ghi Japan; để gắn tag mùa vụ thật chính xác cần biết lô hàng thực đến từ Ibaraki hay Shizuoka/nhà kính khác.
A76: 75 | B76: Trái cây | C76: Mận đỏ Mỹ | D76: FRUIT-MDM-075 | E76: Mỹ | F76: GlobalGAP | G76: Ngăn mát tủ lạnh 1 tuần. | H76: 500g | J76: Giàu vitamin C, chất xơ... Quả đỏ tươi, giòn ngọt, chua nhẹ. | K76: Ngọt | L76: Giòn | M76: Nướng | N76: Nước ngoài / cần kiểm tra | O76: Origin|Standard|Preservation|Weight|Attributes|Seasonality heuristic | P76: Origin; Season window; Standard/cert; Preservation guidance; Flavor/Texture/Usage | Q76: Cao | R76: B1 | S76: Trái cây nhập khẩu hoặc ngoại nguồn, cần đối chiếu chính xác theo nguồn gốc xuất xứ. | T76: Partially verified - batch 1 | U76: California: mùa mận kéo dài từ tháng 5 đến tháng 12, sản lượng mạnh nhất vào tháng 6-8. | V76: =COUNTIF('Seasonality Evidence'!B:B,A76) | W76: =COUNTIF('Seasonality Evidence'!B:B,A76) | X76: =COUNTIF('Research Evidence'!B:B,A76) | Y76: United States | Z76: California | AA76: Imported | AG76: https://www.cde.ca.gov/ls/nu/fd/plum.asp | AI76: 2026-04-24 14:43:30 ICT
A77: 76 | B77: Trái cây | C77: Lê Nam Phi | D77: FRUIT-LNP-076 | E77: Nam Phi | F77: GlobalGAP | G77: Nơi khô mát 1-2 tuần. | H77: 1kg (3-4 trái) | J77: Giàu vitamin C, K... Thịt trắng giòn, ngọt mát, thơm nhẹ. | K77: Ngọt | L77: Giòn | M77: Salad / ăn sống | N77: Nước ngoài / cần kiểm tra | O77: Origin|Standard|Preservation|Weight|Attributes|Seasonality heuristic | P77: Origin; Season window; Standard/cert; Preservation guidance; Flavor/Texture/Usage | Q77: Cao | R77: B1 | S77: Trái cây nhập khẩu hoặc ngoại nguồn, cần đối chiếu chính xác theo nguồn gốc xuất xứ. | T77: Partially verified - batch 1 | U77: Nam Phi: mùa lê được xác nhận bắt đầu thu hoạch từ tháng 1; vùng trồng chính nằm ở Western Cape như Ceres, Groenland và Wolseley/Tulbagh. | V77: =COUNTIF('Seasonality Evidence'!B:B,A77) | W77: =COUNTIF('Seasonality Evidence'!B:B,A77) | X77: =COUNTIF('Research Evidence'!B:B,A77) | Y77: South Africa | Z77: Western Cape - Ceres / Groenland / Wolseley-Tulbagh | AA77: Imported | AG77: https://www.hortgro.co.za/wp-content/uploads/docs/dlm_uploads/2025/01/Pome-fruit-industry-estimates_2025-SEASON_FINAL.pdf | AH77: https://www.nda.gov.za/images/Branches/Economica%20Development%20Trade%20and%20Marketing/marketing/annual-publications/fruits/pear-market-value-chain-profile-2020.pdf | AI77: 2026-04-24 14:43:30 ICT | AJ77: Nguồn mạnh mới xác nhận tháng bắt đầu và vùng trồng chính; khung kết thúc của generic South African pear vẫn cần kiểm tra thêm theo cultivar.
A78: 77 | B78: Trái cây | C78: Kiwi vàng New Zealand | D78: FRUIT-KVN-077 | E78: New Zealand | F78: Premium | G78: Ngăn mát tủ lạnh 2-3 tuần. | H78: 500g (4-5 trái) | J78: Giàu vitamin C, E, chất xơ... Ruột vàng, ngọt thơm, mềm mại. | K78: Ngọt | L78: Mềm | M78: Salad / ăn sống | N78: Nước ngoài / cần kiểm tra | O78: Origin|Standard|Preservation|Weight|Attributes|Seasonality heuristic | P78: Origin; Season window; Standard/cert; Preservation guidance; Flavor/Texture/Usage | Q78: Cao | R78: B1 | S78: Trái cây nhập khẩu hoặc ngoại nguồn, cần đối chiếu chính xác theo nguồn gốc xuất xứ. | T78: Partially verified - batch 1 | U78: New Zealand: thu hoạch kiwi từ tháng 3 đến tháng 5. | V78: =COUNTIF('Seasonality Evidence'!B:B,A78) | W78: =COUNTIF('Seasonality Evidence'!B:B,A78) | X78: =COUNTIF('Research Evidence'!B:B,A78) | Y78: New Zealand | AA78: Imported | AG78: https://www.zespri.com/en-US/blogdetail/when-is-kiwifruit-season | AI78: 2026-04-24 14:43:30 ICT
A79: 78 | B79: Trái cây | C79: Dứa MD2 Thái Lan | D79: FRUIT-DMT-078 | E79: Thái Lan | F79: GlobalGAP | G79: Nơi khô mát 1 tuần, cắt rồi để ngăn mát 3 ngày. | H79: 1.5kg (1 trái) | J79: Giàu bromelain, vitamin C... Thịt vàng, ngọt đậm, ít chua. | K79: Ngọt | L79: Tươi | M79: Nướng | N79: Nước ngoài / cần kiểm tra | O79: Origin|Standard|Preservation|Weight|Attributes|Seasonality heuristic | P79: Origin; Season window; Standard/cert; Preservation guidance; Flavor/Texture/Usage | Q79: Cao | R79: B1 | S79: Trái cây nhập khẩu hoặc ngoại nguồn, cần đối chiếu chính xác theo nguồn gốc xuất xứ. | T79: Partially verified - batch 1 | U79: Thái Lan: dứa nói chung có quanh năm, đỉnh tháng 4-7; lịch riêng cho MD2 vẫn cần nguồn chính thống mạnh hơn. | V79: =COUNTIF('Seasonality Evidence'!B:B,A79) | W79: =COUNTIF('Seasonality Evidence'!B:B,A79) | X79: =COUNTIF('Research Evidence'!B:B,A79) | Y79: Thailand | AA79: Imported | AG79: https://www.doae.go.th/en/pineapple-2/ | AH79: https://info.doa.go.th/research/index.php?act=view_detail&id=4460 | AI79: 2026-04-24 14:43:30 ICT | AJ79: Mùa vụ hiện mới xác nhận ở mức pineapple Thailand general; chưa có lịch tháng đủ mạnh riêng cho MD2 Thailand.
A80: 101 | B80: Rau lá | C80: Xà lách lô lô | D80: VEG-XLL-101 | E80: Đà Lạt, Việt Nam | F80: VietGAP | G80: Bảo quản ngăn mát 2-3 ngày | H80: 300g | I80: 3 | J80: Xà lách lô lô tươi giòn | K80: Ngọt | L80: Giòn | M80: Salad / ăn sống | N80: Nội địa | O80: Origin|Standard|Preservation|Weight|Attributes|Seasonality heuristic | P80: Origin; Season window; Standard/cert; Preservation guidance; Flavor/Texture/Usage | Q80: Trung bình | R80: B4 | S80: Rau lá, rau thơm và nhóm thân/mầm; thường có quanh năm nhưng peak và vùng trồng khác nhau. | T80: Pending | V80: =COUNTIF('Seasonality Evidence'!B:B,A80) | W80: =COUNTIF('Seasonality Evidence'!B:B,A80) | X80: =COUNTIF('Research Evidence'!B:B,A80)
A81: 102 | B81: Rau lá | C81: Cải bẹ xanh | D81: VEG-CBX-102 | E81: Long An, Việt Nam | F81: VietGAP | G81: Bảo quản ngăn mát 3-4 ngày | H81: 500g | I81: 4 | J81: Cải bẹ xanh tươi | K81: Ngọt | L81: Giòn | M81: Xào / nấu canh | N81: Nội địa | O81: Origin|Standard|Preservation|Weight|Attributes|Seasonality heuristic | P81: Origin; Season window; Standard/cert; Preservation guidance; Flavor/Texture/Usage | Q81: Trung bình | R81: B4 | S81: Rau lá, rau thơm và nhóm thân/mầm; thường có quanh năm nhưng peak và vùng trồng khác nhau. | T81: Pending | V81: =COUNTIF('Seasonality Evidence'!B:B,A81) | W81: =COUNTIF('Seasonality Evidence'!B:B,A81) | X81: =COUNTIF('Research Evidence'!B:B,A81)
A82: 103 | B82: Rau lá | C82: Rau diếp | D82: VEG-RD-103 | E82: Lâm Đồng, Việt Nam | F82: VietGAP | G82: Bảo quản ngăn mát 2-3 ngày | H82: 250g | I82: 3 | J82: Rau diếp tươi mát | K82: Tự nhiên | L82: Giòn | M82: Salad / ăn sống | N82: Nội địa | O82: Origin|Standard|Preservation|Weight|Attributes|Seasonality heuristic | P82: Origin; Season window; Standard/cert; Preservation guidance; Flavor/Texture/Usage | Q82: Trung bình | R82: B4 | S82: Rau lá, rau thơm và nhóm thân/mầm; thường có quanh năm nhưng peak và vùng trồng khác nhau. | T82: Pending | V82: =COUNTIF('Seasonality Evidence'!B:B,A82) | W82: =COUNTIF('Seasonality Evidence'!B:B,A82) | X82: =COUNTIF('Research Evidence'!B:B,A82)
A83: 104 | B83: Rau ăn hoa / thân / mầm | C83: Bông cải xanh baby | D83: VEG-BCXB-104 | E83: Lâm Đồng, Việt Nam | F83: GlobalGAP | G83: Bảo quản ngăn mát 4-5 ngày | H83: 400g | I83: 5 | J83: Bông cải xanh baby | K83: Ngọt | L83: Giòn | M83: Salad / ăn sống | N83: Nội địa | O83: Origin|Standard|Preservation|Weight|Attributes|Seasonality heuristic | P83: Origin; Season window; Standard/cert; Preservation guidance; Flavor/Texture/Usage | Q83: Trung bình | R83: B4 | S83: Rau lá, rau thơm và nhóm thân/mầm; thường có quanh năm nhưng peak và vùng trồng khác nhau. | T83: Pending | V83: =COUNTIF('Seasonality Evidence'!B:B,A83) | W83: =COUNTIF('Seasonality Evidence'!B:B,A83) | X83: =COUNTIF('Research Evidence'!B:B,A83)
A84: 105 | B84: Rau ăn hoa / thân / mầm | C84: Bông cải trắng mini | D84: VEG-BCTM-105 | E84: Đà Lạt, Việt Nam | F84: VietGAP | G84: Bảo quản ngăn mát 4-5 ngày | H84: 500g | I84: 5 | J84: Bông cải trắng mini | K84: Ngọt dịu | L84: Tươi | M84: Xào / nấu canh | N84: Nội địa | O84: Origin|Standard|Preservation|Weight|Attributes|Seasonality heuristic | P84: Origin; Season window; Standard/cert; Preservation guidance; Flavor/Texture/Usage | Q84: Trung bình | R84: B4 | S84: Rau lá, rau thơm và nhóm thân/mầm; thường có quanh năm nhưng peak và vùng trồng khác nhau. | T84: Pending | V84: =COUNTIF('Seasonality Evidence'!B:B,A84) | W84: =COUNTIF('Seasonality Evidence'!B:B,A84) | X84: =COUNTIF('Research Evidence'!B:B,A84)
A85: 106 | B85: Rau ăn quả | C85: Cà chua beef | D85: VEG-CTB-106 | E85: Lâm Đồng, Việt Nam | F85: VietGAP | G85: Nơi khô mát 5-7 ngày | H85: 800g | I85: 7 | J85: Cà chua beef to | K85: Ngọt | L85: Dày | M85: Salad / ăn sống | N85: Nội địa | O85: Origin|Standard|Preservation|Weight|Attributes|Seasonality heuristic | P85: Origin; Season window; Standard/cert; Preservation guidance; Flavor/Texture/Usage | Q85: Trung bình | R85: B5 | S85: Rau ăn quả, củ/rễ, nấm và nhóm còn lại; kiểm tra seasonality/cultivation theo vùng hoặc mô hình trồng. | T85: Pending | V85: =COUNTIF('Seasonality Evidence'!B:B,A85) | W85: =COUNTIF('Seasonality Evidence'!B:B,A85) | X85: =COUNTIF('Research Evidence'!B:B,A85)
A86: 107 | B86: Rau ăn quả | C86: Bí đao | D86: VEG-BD-107 | E86: Đồng Tháp, Việt Nam | F86: VietGAP | G86: Nơi khô thoáng 1-2 tuần | H86: 1-1.5kg | I86: 10 | J86: Bí đao tươi | K86: Tự nhiên | L86: Tươi | M86: Nấu canh | N86: Nội địa | O86: Origin|Standard|Preservation|Weight|Attributes|Seasonality heuristic | P86: Origin; Season window; Standard/cert; Preservation guidance; Flavor/Texture/Usage | Q86: Trung bình | R86: B5 | S86: Rau ăn quả, củ/rễ, nấm và nhóm còn lại; kiểm tra seasonality/cultivation theo vùng hoặc mô hình trồng. | T86: Pending | V86: =COUNTIF('Seasonality Evidence'!B:B,A86) | W86: =COUNTIF('Seasonality Evidence'!B:B,A86) | X86: =COUNTIF('Research Evidence'!B:B,A86)
A87: 108 | B87: Rau ăn quả | C87: Đậu que | D87: VEG-DQ-108 | E87: Đà Lạt, Việt Nam | F87: VietGAP | G87: Ngăn mát 4-5 ngày | H87: 400g | I87: 5 | J87: Đậu que xanh | K87: Ngọt | L87: Giòn | M87: Xào | N87: Nội địa | O87: Origin|Standard|Preservation|Weight|Attributes|Seasonality heuristic | P87: Origin; Season window; Standard/cert; Preservation guidance; Flavor/Texture/Usage | Q87: Trung bình | R87: B5 | S87: Rau ăn quả, củ/rễ, nấm và nhóm còn lại; kiểm tra seasonality/cultivation theo vùng hoặc mô hình trồng. | T87: Pending | V87: =COUNTIF('Seasonality Evidence'!B:B,A87) | W87: =COUNTIF('Seasonality Evidence'!B:B,A87) | X87: =COUNTIF('Research Evidence'!B:B,A87)
A88: 109 | B88: Củ & rễ | C88: Su hào | D88: VEG-SH-109 | E88: Đà Lạt, Việt Nam | F88: VietGAP | G88: Nơi khô mát 1-2 tuần | H88: 800g | I88: 14 | J88: Su hào tươi | K88: Ngọt | L88: Giòn | M88: Salad / ăn sống | N88: Nội địa | O88: Origin|Standard|Preservation|Weight|Attributes|Seasonality heuristic | P88: Origin; Season window; Standard/cert; Preservation guidance; Flavor/Texture/Usage | Q88: Trung bình | R88: B5 | S88: Rau ăn quả, củ/rễ, nấm và nhóm còn lại; kiểm tra seasonality/cultivation theo vùng hoặc mô hình trồng. | T88: Pending | V88: =COUNTIF('Seasonality Evidence'!B:B,A88) | W88: =COUNTIF('Seasonality Evidence'!B:B,A88) | X88: =COUNTIF('Research Evidence'!B:B,A88)
A89: 110 | B89: Củ & rễ | C89: Củ cải đỏ | D89: VEG-CCD-110 | E89: Đà Lạt, Việt Nam | F89: GlobalGAP | G89: Nơi khô mát 1-2 tuần | H89: 600g | I89: 10 | J89: Củ cải đỏ | K89: Ngọt | L89: Tươi | M89: Salad / ăn sống | N89: Nội địa | O89: Origin|Standard|Preservation|Weight|Attributes|Seasonality heuristic | P89: Origin; Season window; Standard/cert; Preservation guidance; Flavor/Texture/Usage | Q89: Trung bình | R89: B5 | S89: Rau ăn quả, củ/rễ, nấm và nhóm còn lại; kiểm tra seasonality/cultivation theo vùng hoặc mô hình trồng. | T89: Pending | V89: =COUNTIF('Seasonality Evidence'!B:B,A89) | W89: =COUNTIF('Seasonality Evidence'!B:B,A89) | X89: =COUNTIF('Research Evidence'!B:B,A89)
A90: 111 | B90: Nấm | C90: Nấm đùi gà tươi | D90: VEG-NDGT-111 | E90: Lâm Đồng, Việt Nam | F90: VietGAP | G90: Ngăn mát 2-3 ngày | H90: 350g | I90: 3 | J90: Nấm đùi gà cao cấp | K90: Tự nhiên | L90: Tươi | M90: Xào | N90: Nội địa | O90: Origin|Standard|Preservation|Weight|Attributes|Seasonality heuristic | P90: Origin; Season window; Standard/cert; Preservation guidance; Flavor/Texture/Usage | Q90: Trung bình | R90: B5 | S90: Rau ăn quả, củ/rễ, nấm và nhóm còn lại; kiểm tra seasonality/cultivation theo vùng hoặc mô hình trồng. | T90: Pending | V90: =COUNTIF('Seasonality Evidence'!B:B,A90) | W90: =COUNTIF('Seasonality Evidence'!B:B,A90) | X90: =COUNTIF('Research Evidence'!B:B,A90)
A91: 112 | B91: Nấm | C91: Nấm hương tươi | D91: VEG-NHT-112 | E91: Đà Lạt, Việt Nam | F91: VietGAP | G91: Ngăn mát 3-4 ngày | H91: 300g | I91: 4 | J91: Nấm hương tươi | K91: Tự nhiên | L91: Tươi | M91: Xào / nấu canh | N91: Nội địa | O91: Origin|Standard|Preservation|Weight|Attributes|Seasonality heuristic | P91: Origin; Season window; Standard/cert; Preservation guidance; Flavor/Texture/Usage | Q91: Trung bình | R91: B5 | S91: Rau ăn quả, củ/rễ, nấm và nhóm còn lại; kiểm tra seasonality/cultivation theo vùng hoặc mô hình trồng. | T91: Pending | V91: =COUNTIF('Seasonality Evidence'!B:B,A91) | W91: =COUNTIF('Seasonality Evidence'!B:B,A91) | X91: =COUNTIF('Research Evidence'!B:B,A91)
... A93: 114 | B93: Rau thơm & gia vị | C93: Rau húng | D93: VEG-RH-114 | E93: Tiền Giang, Việt Nam | F93: VietGAP | G93: Ngăn mát 2 ngày | H93: 100g | I93: 2 | J93: Rau húng tươi | K93: Tự nhiên | L93: Tươi | M93: Đa dụng | N93: Nội địa | O93: Origin|Standard|Preservation|Weight|Attributes|Seasonality heuristic | P93: Origin; Season window; Standard/cert; Preservation guidance; Flavor/Texture/Usage | Q93: Trung bình | R93: B4 | S93: Rau lá, rau thơm và nhóm thân/mầm; thường có quanh năm nhưng peak và vùng trồng khác nhau. | T93: Pending | V93: =COUNTIF('Seasonality Evidence'!B:B,A93) | W93: =COUNTIF('Seasonality Evidence'!B:B,A93) | X93: =COUNTIF('Research Evidence'!B:B,A93)
A94: 115 | B94: Rau thơm & gia vị | C94: Tỏi tây | D94: VEG-TT-115 | E94: Trung Quốc | F94: Import | G94: Nơi khô thoáng 2-3 tháng | H94: 500g | I94: 30 | J94: Tỏi tây nhập khẩu | K94: Tự nhiên | L94: Tươi | M94: Đa dụng | N94: Nước ngoài / cần kiểm tra | O94: Origin|Standard|Preservation|Weight|Attributes|Seasonality heuristic | P94: Origin; Season window; Standard/cert; Preservation guidance; Flavor/Texture/Usage | Q94: Cao | R94: B2 | S94: Hàng nhập khẩu/hybrid origin/non-fruit cần nguồn gốc rất chặt và note rõ mức chắc chắn. | T94: Partially verified - batch 2 | U94: Chưa đủ nguồn uy tín để chốt mùa vụ tỏi tây nhập từ Trung Quốc. Tạm ghi nhóm Allium trồng rộng tại Trung Quốc, cần kiểm chứng theo nhà cung cấp/lô nhập. | V94: 1 | W94: 1 | X94: 1 | Y94: China | Z94: China; exact province unverified | AA94: Imported | AB94: Import label chưa kiểm chứng bằng chứng từ | AC94: Nên bảo quản mát cho rau tươi; dữ liệu 'khô thoáng 2-3 tháng' cần kiểm tra lại vì có vẻ không phù hợp tỏi tây tươi. | AD94: Hành nhẹ, ngọt nhẹ | AE94: Thân/lá tươi, giòn khi mới thu | AF94: Xào, nấu súp, hầm | AG94: https://www.ishs.org/ishs-article/358_19 | AH94: https://edibleplantdb.org/plants/536/allium-ampeloprasum-var-porrum | AI94: 2026-04-24 21:12:38 ICT | AJ94: Nguồn chưa xác nhận riêng mùa vụ tỏi tây Trung Quốc; preservation hiện tại có khả năng sai cho hàng tươi. | AK94: Cần chứng từ nhập khẩu hoặc thông tin nhà cung cấp trước khi dùng cho seasonality.
A95: 116 | B95: Trái cây | C95: Chuối già Việt Nam | D95: FRUIT-CGV-116 | E95: Tiền Giang, Việt Nam | F95: VietGAP | G95: Nơi khô thoáng 5-7 ngày | H95: 1kg | I95: 7 | J95: Chuối già ngọt | K95: Ngọt | L95: Tươi | M95: Đa dụng | N95: Nội địa | O95: Origin|Standard|Preservation|Weight|Attributes|Seasonality heuristic | P95: Origin; Season window; Standard/cert; Preservation guidance; Flavor/Texture/Usage | Q95: Trung bình | R95: B3 | S95: Trái cây nội địa và đặc sản vùng miền, ưu tiên peak season + khác biệt theo tỉnh/vùng. | T95: Partially verified - batch 3 | U95: Chuối có thể thu hoạch quanh năm, sản lượng nhiều từ tháng 1-4 theo nguồn khuyến nông; chưa có nguồn riêng đủ mạnh cho chuối già Tiền Giang. | V95: =COUNTIF('Seasonality Evidence'!B:B,A95) | W95: =COUNTIF('Seasonality Evidence'!B:B,A95) | X95: =COUNTIF('Research Evidence'!B:B,A95) | Y95: Vietnam | Z95: Tiền Giang (catalog); season source from regional banana context | AA95: Domestic | AG95: https://khuyennongvn.gov.vn/thong-tin-thi-truong/thi-truong-trong-nuoc/dong-thap-gia-chuoi-tang-nong-dan-van-lo-14376.html | AI95: 2026-04-24 21:05:08 ICT | AJ95: Nguồn mùa vụ không riêng Tiền Giang và không tách riêng chuối già; cần kiểm thêm nếu dùng cho rule chính thức.
A96: 117 | B96: Trái cây | C96: Ổi xá lị | D96: FRUIT-OXL-117 | E96: Long An, Việt Nam | F96: VietGAP | G96: Nơi khô mát 7-10 ngày | H96: 600g | I96: 10 | J96: Ổi xá lị giòn | K96: Ngọt | L96: Giòn | M96: Nấu canh | N96: Nội địa | O96: Origin|Standard|Preservation|Weight|Attributes|Seasonality heuristic | P96: Origin; Season window; Standard/cert; Preservation guidance; Flavor/Texture/Usage | Q96: Trung bình | R96: B3 | S96: Trái cây nội địa và đặc sản vùng miền, ưu tiên peak season + khác biệt theo tỉnh/vùng. | T96: Partially verified - batch 3 | U96: Chưa có mùa vụ đủ mạnh cho ổi xá lị Long An; mới xác nhận bối cảnh có mô hình trồng ổi tại Long An ở mức báo địa phương. | V96: =COUNTIF('Seasonality Evidence'!B:B,A96) | W96: =COUNTIF('Seasonality Evidence'!B:B,A96) | X96: =COUNTIF('Research Evidence'!B:B,A96) | Y96: Vietnam | Z96: Long An | AA96: Domestic | AG96: https://baolongan.vn/lan-toa-phong-trao-khoi-nghiep-a41165.html | AI96: 2026-04-24 21:05:08 ICT | AJ96: Chưa đủ nguồn để chốt mùa vụ/đặc tính riêng ổi xá lị Long An.
A97: 118 | B97: Trái cây | C97: Dưa hấu không hạt mini | D97: FRUIT-DHM-118 | E97: Long An, Việt Nam | F97: VietGAP | G97: Nơi khô mát 1 tuần | H97: 1.5-2kg | I97: 7 | J97: Dưa hấu mini | K97: Ngọt | L97: Tươi | M97: Đa dụng | N97: Nội địa | O97: Origin|Standard|Preservation|Weight|Attributes|Seasonality heuristic | P97: Origin; Season window; Standard/cert; Preservation guidance; Flavor/Texture/Usage | Q97: Trung bình | R97: B3 | S97: Trái cây nội địa và đặc sản vùng miền, ưu tiên peak season + khác biệt theo tỉnh/vùng. | T97: Partially verified - batch 3 | U97: Long An: có vụ dưa hấu Tết tại Vĩnh Hưng, dự kiến thu hoạch giữa tháng Chạp; chưa có nguồn tách riêng giống không hạt mini. | V97: =COUNTIF('Seasonality Evidence'!B:B,A97) | W97: =COUNTIF('Seasonality Evidence'!B:B,A97) | X97: =COUNTIF('Research Evidence'!B:B,A97) | Y97: Vietnam | Z97: Long An - Vĩnh Hưng/Tân Trụ/Long Trì context | AA97: Domestic | AG97: https://baolongan.vn/vinh-hung-nong-dan-gieo-trong-hon-250ha-dua-hau-phuc-vu-thi-truong-tet-a186458.html | AH97: https://baolongan.vn/goc-anh-long-an-que-huong-toi-dua-hau-long-an-a180898.html | AI97: 2026-04-24 21:05:08 ICT | AJ97: Nguồn xác nhận dưa hấu Long An/vụ Tết nhưng chưa tách riêng giống không hạt mini.
A98: 119 | B98: Trái cây | C98: Thanh long ruột trắng | D98: FRUIT-TLT-119 | E98: Bình Thuận, Việt Nam | F98: VietGAP | G98: Nơi khô mát 1-2 tuần | H98: 800g | I98: 10 | J98: Thanh long ruột trắng | K98: Ngọt nhẹ | L98: Tươi | M98: Đa dụng | N98: Nội địa | O98: Origin|Standard|Preservation|Weight|Attributes|Seasonality heuristic | P98: Origin; Season window; Standard/cert; Preservation guidance; Flavor/Texture/Usage | Q98: Trung bình | R98: B3 | S98: Trái cây nội địa và đặc sản vùng miền, ưu tiên peak season + khác biệt theo tỉnh/vùng. | T98: Partially verified - batch 3 | U98: Bình Thuận: vụ nghịch bắt đầu chong đèn từ tháng 10 âm lịch, thu hoạch từ tháng Chạp trở đi; dùng chung nguồn thanh long Bình Thuận. | V98: =COUNTIF('Seasonality Evidence'!B:B,A98) | W98: =COUNTIF('Seasonality Evidence'!B:B,A98) | X98: =COUNTIF('Research Evidence'!B:B,A98) | Y98: Vietnam | Z98: Bình Thuận - vùng GI thanh long | AA98: Domestic | AG98: https://snnptnt.binhthuan.gov.vn/tin-nong-nghiep/thanh-long-vao-vu-nghich-bai-1-nang-cao-chat-luong-dap-ung-thi-truong-867366 | AH98: https://ipvietnam.gov.vn/phat-trien-chi-dan-ia-ly/-/asset_publisher/SGA9PgvmYtWI/content/thanh-long-binh-thuan-duoc-bao-ho-cddl-tai-nhat-ban?inheritRedirect=false | AI98: 2026-04-24 21:05:08 ICT | AJ98: Nguồn chưa tách riêng ruột trắng; mốc mùa vụ theo âm lịch.
A99: 120 | B99: Trái cây | C99: Sầu riêng Ri6 | D99: FRUIT-SR-120 | E99: Đắk Lắk, Việt Nam | F99: Premium | G99: Nơi khô mát, ăn ngay khi chín | H99: 2-3kg | I99: 5 | J99: Sầu riêng Ri6 cao cấp | K99: Tự nhiên | L99: Dày | M99: Đa dụng | N99: Nội địa | O99: Origin|Standard|Preservation|Weight|Attributes|Seasonality heuristic | P99: Origin; Season window; Standard/cert; Preservation guidance; Flavor/Texture/Usage | Q99: Trung bình | R99: B3 | S99: Trái cây nội địa và đặc sản vùng miền, ưu tiên peak season + khác biệt theo tỉnh/vùng. | T99: Partially verified - batch 3 | U99: Đắk Lắk: sầu riêng vào vụ khoảng tháng 8-9 theo nguồn khuyến nông; chưa có lịch riêng Ri6 tại Đắk Lắk. | V99: =COUNTIF('Seasonality Evidence'!B:B,A99) | W99: =COUNTIF('Seasonality Evidence'!B:B,A99) | X99: =COUNTIF('Research Evidence'!B:B,A99) | Y99: Vietnam | Z99: Đắk Lắk - Krông Pắc/Cư M'gar context | AA99: Domestic | AG99: https://khuyennongvn.gov.vn/chuong-trinh-nganh-nong-nghiep/tai-co-cau-nganh-nong-nghiep/dak-lak-sau-rieng-duoc-gia-nhung-nang-suat-nam-nay-lai-thap-22052.html | AH99: https://socongthuong.daklak.gov.vn/vi/news/hoat-dong-nganh-cong-thuong/to-chuc-hoi-nghi-tong-ket-nganh-hang-sau-rieng-nam-2023-phuong-huong-nhiem-vu-nam-2024-4961.html | AI99: 2026-04-24 21:05:08 ICT | AJ99: Nguồn mùa vụ là cho sầu riêng Đắk Lắk nói chung, chưa tách riêng cultivar Ri6.
A100: 121 | B100: Rau lá | C100: khoai mỡ | D100: test1 | K100: Tự nhiên | L100: Tươi | M100: Đa dụng | N100: Thiếu dữ liệu | O100: Origin|Standard|Preservation|Weight|Attributes|Seasonality heuristic | P100: Origin; Season window; Standard/cert; Preservation guidance; Flavor/Texture/Usage | Q100: Cao | R100: B2 | S100: Thiếu metadata nền hoặc origin/classification chưa đủ để tra cứu ngoài ngay. | T100: Partially verified - batch 2 | U100: Vĩnh Long/Mang Thít: khoai mỡ xuống giống sau khi thu hoạch lúa Đông Xuân, thu sau khoảng 6 tháng; có mô hình VietGAP. | V100: 1 | W100: 1 | X100: 1 | Y100: Vietnam | Z100: Vĩnh Long | AA100: Domestic likely; catalog seed missing | AB100: VietGAP context at Vĩnh Long; SKU standard unverified | AC100: Cần bổ sung từ ProductInfo/nhà cung cấp | AD100: Bùi, tinh bột | AE100: Củ; mềm/bở sau nấu | AF100: Canh, chè, hấp/luộc | AG100: https://khuyennongvn.gov.vn/chuong-trinh-nganh-nong-nghiep/tai-co-cau-nganh-nong-nghiep/vinh-long-tuan-thu-ky-thuat-canh-tac--canh-dong-khoai-mo-ngay-cang-mo-rong-19139.html | AI100: 2026-04-24 21:12:38 ICT | AJ100: Catalog thiếu ProductInfo nên chưa xác nhận được origin/standard/pack size nội bộ. | AK100: Cần tạo/bổ sung ProductInfo seed trong DB trước khi nhập dữ liệu chính thức.
A101: 122 | B101: Rau lá | C101: Rau muống | K101: Tự nhiên | L101: Tươi | M101: Đa dụng | N101: Thiếu dữ liệu | O101: Origin|Standard|Preservation|Weight|Attributes|Seasonality heuristic | P101: Origin; Season window; Standard/cert; Preservation guidance; Flavor/Texture/Usage | Q101: Cao | R101: B2 | S101: Thiếu metadata nền hoặc origin/classification chưa đủ để tra cứu ngoài ngay. | T101: Partially verified - batch 2 | U101: Rau muống có thể sản xuất thủy canh tuần hoàn và thu hái nhiều lứa; nguồn chưa xác nhận vùng cung ứng cụ thể. | V101: 1 | W101: 1 | X101: 1 | Y101: Vietnam likely; catalog seed missing | Z101: Unverified | AA101: Domestic likely; catalog seed missing | AB101: Unverified | AC101: Rau lá tươi cần bảo quản mát/ẩm; cần bổ sung từ ProductInfo/nhà cung cấp | AD101: Tươi, xanh | AE101: Giòn mềm | AF101: Luộc, xào, nấu canh | AG101: https://khuyennongvn.gov.vn/ky-thuat-trong-trot/quy-trinh-ky-thuat-san-xuat-rau-thuy-canh-tuan-hoan-759.html | AI101: 2026-04-24 21:12:38 ICT | AJ101: Catalog thiếu ProductInfo nên chưa xác nhận origin/standard/vùng cung ứng nội bộ; nguồn là quy trình thủy canh chung. | AK101: Dòng trùng tên với ProductID 1 nhưng thiếu ProductInfo, cần rà lại duplicate/seed DB.

Sheet Seasonality Evidence
A1: Batch | B1: ProductID | C1: ProductName | D1: CategoryName | E1: Current Origin | F1: Locality Scope | G1: Locality Name | H1: Season Window Label | I1: Start Month | J1: End Month | K1: Peak Months | L1: Main Harvest Window | M1: Cultivation / Availability Notes | N1: Source Title | O1: Source Publisher | P1: Source URL | Q1: Source Date | R1: Trust Level | S1: Thời gian thu thập | T1: Tôi chưa chắc chắn | U1: Reviewer Notes
A2: B1 | B2: 61 | C2: Táo Fuji Nhật | D2: Trái cây | E2: Nhật Bản | F2: Prefecture | G2: Aomori | H2: Fuji export / eating window | I2: 11 | J2: 1 | K2: 11-12 | L2: Yes | M2: Aomori export season starts in October; Fuji is highlighted in November and controlled storage extends quality beyond New Year. | N2: Fruit and Vegetables: Apples | O2: Japan Food Export Fair / Aomori Apple Council | P2: https://j-fec.com/en/producer/pdf/en/20/ | Q2: 2022 | R2: High | S2: 2026-04-24 14:43:30 ICT | T2: End month is inferred from official storage note rather than an explicit Fuji close date. | U2: Use Aomori as the strongest verified locality currently available for Fuji export fruit.
A3: B1 | B3: 62 | C3: Cam Cara ruột đỏ | D3: Trái cây | E3: Úc | F3: Growing regions | G3: Murray Valley / Riverina / Riverland | H3: Australia navel orange season | I3: 6 | J3: 10 | K3: 6-8 | L3: No | M3: Citrus Australia lists navel oranges in season June-October; Agriculture Victoria describes Cara Cara as an early-to-mid-season navel. | N3: What's in Season | O3: Citrus Australia | P3: https://citrusaustralia.com.au/buying-australian/season/ | R3: High | S3: 2026-04-24 14:43:30 ICT | T3: Cara Cara month range is inferred from the broader navel window because a month-by-month Cara Cara calendar was not found. | U3: Treat this as a provisional Australia-season mapping until a variety-specific official calendar is found.
A4: B1 | B4: 63 | C4: Nho Mỹ không hạt | D4: Trái cây | E4: Mỹ | F4: Region | G4: Coachella Valley, California | H4: Early California table grape season | I4: 5 | J4: 7 | K4: 5-6 | L4: Yes | M4: California table grapes begin in Coachella Valley in May and usually finish in early July. | N4: Grapes From California Merchandising and Training Guide | O4: California Table Grape Commission | P4: https://www.grapesfromcalifornia.com/wp-content/uploads/2023/06/20230605-grapes-from-california-merchandising-and-training-guide-2023.pdf | Q4: 2023-06-05 | R4: High | S4: 2026-04-24 14:43:30 ICT
A5: B1 | B5: 63 | C5: Nho Mỹ không hạt | D5: Trái cây | E5: Mỹ | F5: Region | G5: San Joaquin Valley, California | H5: Main California table grape season | I5: 7 | J5: 12 | K5: 8-10 | L5: Yes | M5: The San Joaquin Valley starts in early July and often continues into December. | N5: Grapes From California Merchandising and Training Guide | O5: California Table Grape Commission | P5: https://www.grapesfromcalifornia.com/wp-content/uploads/2023/06/20230605-grapes-from-california-merchandising-and-training-guide-2023.pdf | Q5: 2023-06-05 | R5: High | S5: 2026-04-24 14:43:30 ICT | U5: California grapes are marketed from May into January.
A6: B1 | B6: 71 | C6: Măng cụt | D6: Trái cây | E6: Thái Lan | F6: Country | G6: Thailand | H6: National availability window | I6: 4 | J6: 12 | K6: 4-8 | L6: Yes | M6: The DOAE commodity page states availability from April to December with peak supply in April-August. | N6: Mangosteen | O6: Department of Agricultural Extension, Thailand | P6: https://www.doae.go.th/en/mangosteen-2/ | R6: High | S6: 2026-04-24 14:43:30 ICT
A7: B1 | B7: 71 | C7: Măng cụt | D7: Trái cây | E7: Thái Lan | F7: Province / locality | G7: Khiriwong, Nakhon Si Thammarat | H7: Southern locality fruit season | I7: 7 | J7: 9 | K7: 7-9 | L7: No | M7: Thailand government tourism content notes fruit season in Khiriwong from July to September, including mangosteen. | N7: Kiriwong Village and Khao Luang Mountain | O7: Government of Thailand | P7: https://www.thailand.go.th/issue-focus-detail/001_02_255 | R7: High | S7: 2026-04-24 14:43:30 ICT | U7: Useful as a locality-specific southern Thailand season window.
A8: B1 | B8: 73 | C8: Lựu đỏ Mỹ | D8: Trái cây | E8: Mỹ | F8: Region | G8: San Joaquin Valley, California | H8: California pomegranate season | I8: 10 | J8: 1 | K8: 10-1 | L8: Yes | M8: California pomegranates are described as being in season from October to January and are grown in the San Joaquin Valley. | N8: Why California | O8: POM Wonderful / California Pomegranate Council | P8: https://pomegranates.org/about/why-california/ | R8: High | S8: 2026-04-24 14:43:30 ICT
A9: B1 | B9: 74 | C9: Dưa lưới Nhật | D9: Trái cây | E9: Nhật Bản | F9: Prefecture | G9: Ibaraki | H9: Ibaraki melon shipping window | I9: 4 | J9: 10 | K9: 5-9 | L9: Yes | M9: Ibaraki melons are shipped from late April to late October; Andes, Quincy and Takami peak from spring to early summer while Earl's melons run from summer to autumn. | N9: Melons | O9: Ibaraki Prefecture | P9: https://exports.pref.ibaraki.jp/en/product/detail?id=714713 | R9: High | S9: 2026-04-24 14:43:30 ICT
A10: B1 | B10: 74 | C10: Dưa lưới Nhật | D10: Trái cây | E10: Nhật Bản | F10: Prefecture | G10: Shizuoka | H10: Greenhouse aroma melon supply | I10: 1 | J10: 12 | K10: Year-round | L10: No | M10: Shizuoka's premium aroma melon is cultivated in greenhouses and described as available throughout the year. | N10: Aroma Melon | O10: Shizuoka Prefecture Food Information Center | P10: https://fujinokuni.shokunomiyako-shizuoka.pref.shizuoka.jp/en/buy-food/1884 | R10: High | S10: 2026-04-24 14:43:30 ICT | T10: Catalog origin is generic Japan, so exact supplied prefecture still needs transactional confirmation. | U10: Good example of locality-specific difference versus open-field/standard shipping calendars.
A11: B1 | B11: 75 | C11: Mận đỏ Mỹ | D11: Trái cây | E11: Mỹ | F11: State | G11: California | H11: California plum season | I11: 5 | J11: 12 | K11: 6-8 | L11: Yes | M11: The California plum fact sheet describes the growing season as May-December with the heaviest volume June-August. | N11: Plums | O11: California Department of Education | P11: https://www.cde.ca.gov/ls/nu/fd/plum.asp | R11: High | S11: 2026-04-24 14:43:30 ICT
A12: B1 | B12: 76 | C12: Lê Nam Phi | D12: Trái cây | E12: Nam Phi | F12: Province / region | G12: Western Cape | H12: South African pear harvest start | I12: 1 | L12: No | M12: Hortgro notes that early pear cultivars are harvested in January; exact end windows vary by cultivar. | N12: Pome Fruit Industry Estimates 2025 Season | O12: Hortgro | P12: https://www.hortgro.co.za/wp-content/uploads/docs/dlm_uploads/2025/01/Pome-fruit-industry-estimates_2025-SEASON_FINAL.pdf | Q12: 2025-01 | R12: High | S12: 2026-04-24 14:43:30 ICT | T12: Generic South African pear timing still needs cultivar-specific end-month confirmation. | U12: Use January as verified harvest start only.
A13: B1 | B13: 77 | C13: Kiwi vàng New Zealand | D13: Trái cây | E13: New Zealand | F13: Country | G13: New Zealand | H13: New Zealand kiwifruit harvest | I13: 3 | J13: 5 | K13: 3-5 | L13: Yes | M13: Zespri states New Zealand kiwifruit is harvested from March through May. | N13: When is Kiwifruit Season? | O13: Zespri | P13: https://www.zespri.com/en-US/blogdetail/when-is-kiwifruit-season | R13: High | S13: 2026-04-24 14:43:30 ICT
A14: B1 | B14: 78 | C14: Dứa MD2 Thái Lan | D14: Trái cây | E14: Thái Lan | F14: Country | G14: Thailand | H14: Thailand pineapple general availability | I14: 1 | J14: 12 | K14: 4-7 | L14: No | M14: Thailand DOAE lists pineapple as available year-round, with peak volume in April-July. | N14: Pineapple | O14: Department of Agricultural Extension, Thailand | P14: https://www.doae.go.th/en/pineapple-2/ | R14: High | S14: 2026-04-24 14:43:30 ICT | T14: The official source is for Thai pineapple generally, not a month-by-month MD2-specific calendar. | U14: Keep the MD2 varietal season flagged as provisional.
A15: B1 | B15: 68 | C15: Chuối già Nam Mỹ | D15: Trái cây | E15: Nam Mỹ | F15: Regional tropical belt | G15: South America (exact country not yet confirmed) | H15: Perennial harvest window | I15: 1 | J15: 12 | K15: Year-round | L15: No | M15: FAO describes bananas and plantains as perennial crops that grow quickly and can be harvested all year round in tropical regions. | N15: The World Banana Economy, 1985-2002 | O15: FAO | P15: https://www.fao.org/3/y5102e/y5102e04.htm | R15: High | S15: 2026-04-24 14:48:34 ICT | T15: Catalog chỉ ghi Nam Mỹ, chưa xác định quốc gia xuất xứ thực tế của lô hàng. | U15: Dùng nguồn FAO để xác nhận đặc tính mùa vụ chung; chưa đủ để chốt vùng trồng cụ thể.
A16: B3 | B16: 64 | C16: Xoài cát Hòa Lộc | D16: Trái cây | E16: Tiền Giang, Việt Nam | F16: District / GI area | G16: Cái Bè, Tiền Giang | H16: Mùa vụ GI truyền thống | I16: 2 | J16: 5 | K16: 3-5 | L16: Yes | M16: Tài liệu chỉ dẫn địa lý của Cục Sở hữu trí tuệ ghi mùa vụ thu hoạch từ tháng 2 đến tháng 5 dương lịch. | N16: Chỉ dẫn địa lý – Di sản thiên nhiên và văn hóa Việt Nam | O16: Cục Sở hữu trí tuệ | P16: https://ipvietnam.gov.vn/documents/20195/811934/Ch%E1%BB%89%2Bd%E1%BA%ABn%2B%C4%91%E1%BB%8Ba%2Bl%C3%BD%2B%E2%80%93%2BDi%2Bs%E1%BA%A3n%2Bthi%C3%AAn%2Bnhi%C3%AAn%2Bv%C4%83n%2Bh%C3%B3a%2BVi%E1%BB%87t%2B%28ti%E1%BA%BFng%2BVi%E1%BB%87t%29.pdf/a56b0cb4-d8bd-475a-be64-bba40329fb9f | R16: High | S16: 2026-04-24 14:48:34 ICT
A17: B3 | B17: 64 | C17: Xoài cát Hòa Lộc | D17: Trái cây | E17: Tiền Giang, Việt Nam | F17: District / GI area | G17: Cái Bè, Tiền Giang | H17: Mùa vụ tăng thêm | I17: 10 | J17: 12 | K17: 10-12 | L17: No | M17: Bộ Công Thương ghi nhận hiện nay người trồng đã tăng thêm mùa vụ từ tháng 10 đến tháng 12 dương lịch. | N17: Xoài cát Hòa Lộc nức lòng giới sành ăn | O17: Bộ Công Thương | P17: https://moit.gov.vn/tu-hao-hang-viet-nam/gioi-thieu-xoai-cat-hoa-loc.html | Q17: 2022-09-08 | R17: High | S17: 2026-04-24 14:48:34 ICT | U17: Đây là mùa vụ mở rộng/rải vụ, không phải cửa sổ GI truyền thống.
A18: B3 | B18: 70 | C18: Thanh long ruột đỏ | D18: Trái cây | E18: Bình Thuận, Việt Nam | F18: Province / GI area | G18: Bình Thuận | H18: Vụ nghịch cuối năm - đầu năm | I18: 10 âm lịch | J18: sau Tết | K18: tháng Chạp - sau Tết | L18: No | M18: Sở NN&PTNT Bình Thuận ghi nhận nông dân bắt đầu chong đèn từ tháng 10 âm lịch và các lứa nghịch vụ thu hoạch từ tháng Chạp trở đi để phục vụ thị trường trước và sau Tết. | N18: Thanh long vào vụ nghịch: [Bài 1] Nâng cao chất lượng đáp ứng thị trường | O18: Sở NN&PTNT Bình Thuận | P18: https://snnptnt.binhthuan.gov.vn/tin-nong-nghiep/thanh-long-vao-vu-nghich-bai-1-nang-cao-chat-luong-dap-ung-thi-truong-867366 | Q18: 2023-12-05 | R18: High | S18: 2026-04-24 14:48:34 ICT | T18: Mốc tháng đang ở dạng âm lịch theo nguồn gốc, không ép đổi sang dương lịch để tránh sai lệch theo từng năm. | U18: Nguồn hiện tại mới xác nhận chắc phần vụ nghịch.
A19: B3 | B19: 65 | C19: Dưa hấu không hạt | D19: Trái cây | E19: Long An, Việt Nam | F19: District | G19: Vĩnh Hưng, Long An | H19: Dưa hấu Tết | I19: 12 | J19: 1 | K19: 12-1 | L19: Yes | M19: Báo Long An ghi nhận nông dân Vĩnh Hưng gieo trồng hơn 250ha dưa hấu phục vụ thị trường Tết, dự kiến thu hoạch vào giữa tháng Chạp. | N19: Vĩnh Hưng: Nông dân gieo trồng hơn 250ha dưa hấu phục vụ thị trường tết | O19: Báo Long An | P19: https://baolongan.vn/vinh-hung-nong-dan-gieo-trong-hon-250ha-dua-hau-phuc-vu-thi-truong-tet-a186458.html | Q19: 2024-12-01 | R19: Medium | S19: 2026-04-24 21:05:08 ICT | T19: Nguồn xác nhận vụ Tết tại Long An nhưng không tách riêng giống không hạt. | U19: Dùng chung cho SKU 65 và 118 đến khi có nguồn riêng cho giống không hạt/mini.
A20: B3 | B20: 66 | C20: Bơ Booth 7 | D20: Trái cây | E20: Đắk Lắk, Việt Nam | F20: Province | G20: Đắk Lắk | H20: Chính vụ và vụ muộn | I20: 4 | J20: 11 | K20: 4-7; 9-11 | L20: Yes | M20: Sở Công Thương Đắk Lắk ghi cây bơ có chính vụ từ tháng 4-7 và vụ muộn từ tháng 9-11. | N20: Bơ Đắk Lắk - Hành trình đến với người tiêu dùng | O20: Sở Công Thương Đắk Lắk | P20: https://socongthuong.daklak.gov.vn/vi/news/hoat-dong-nganh-cong-thuong/bo-dak-lak-hanh-trinh-den-voi-nguoi-tieu-dung-3497.html | R20: High | S20: 2026-04-24 21:05:08 ICT | T20: Nguồn nói bơ Đắk Lắk nói chung, trong đó có Booth 7; chưa tách riêng tuyệt đối lịch Booth 7 theo từng vùng nhỏ.
A21: B3 | B21: 67 | C21: Dâu tây Đà Lạt | D21: Trái cây | E21: Đà Lạt, Việt Nam | F21: City / nearby district | G21: Đà Lạt - Lạc Dương, Lâm Đồng | H21: Chu kỳ thu hoạch vụ nhà kính | I21: Sau 4 tháng xuống giống | J21: khoảng 6 tháng sau đó | K21: Mùa nắng cho sản lượng tốt hơn | L21: No | M21: Nguồn Lâm Đồng ghi giống PS8.07/PS8.10 sau khoảng 4 tháng xuống giống bước vào thu hoạch liên tục đến khoảng 6 tháng sau đó; mùa mưa làm sản lượng giảm mạnh so với mùa nắng. | N21: Khảo nghiệm 2 giống dâu tây mới ở Đà Lạt | O21: Thị trấn Lạc Dương, Lâm Đồng | P21: https://thitranlacduong.lamdong.gov.vn/chi-tiet-tin-tuc/?param=khao-nghiem-2-giong-dau-tay-moi-o-da-lat | R21: High | S21: 2026-04-24 21:05:08 ICT | T21: Dâu tây công nghệ cao có thể trồng/thu quanh năm theo lứa; không nên biến thành tháng cố định nếu không có ngày xuống giống. | U21: Dùng thêm nguồn Khuyến nông Lâm Đồng về mùa mưa làm giảm sản lượng.
A22: B3 | B22: 72 | C22: Mít Thái siêu ngọt | D22: Trái cây | E22: Tiền Giang, Việt Nam | F22: Province / specialized areas | G22: Cái Bè, Cai Lậy, Châu Thành, Tân Phước, TX Cai Lậy | H22: Rải vụ gần như quanh năm | I22: 1 | J22: 12 | K22: Year-round | L22: No | M22: Cổng TTĐT Tiền Giang ghi mít Thái siêu sớm cho thu hoạch rải vụ gần như quanh năm. | N22: Giá mít Thái tăng mạnh, giúp nông dân ổn định cuộc sống trong tình hình dịch bệnh còn phức tạp | O22: Cổng thông tin điện tử tỉnh Tiền Giang | P22: https://tiengiang.gov.vn/chi-tiet-tin?%2Fgia-mit-thai-tang-manh-giup-nong-dan-on-inh-cuoc-song-trong-tinh-hinh-dich-benh-con-phuc-tap%2F32403960= | R22: High | S22: 2026-04-24 21:05:08 ICT
A23: B3 | B23: 116 | C23: Chuối già Việt Nam | D23: Trái cây | E23: Tiền Giang, Việt Nam | F23: Domestic tropical crop | G23: Việt Nam / Tiền Giang chưa có nguồn tỉnh đủ chi tiết | H23: Thu hoạch quanh năm - bối cảnh cây chuối | I23: 1 | J23: 12 | K23: 1-4 sản lượng nhiều theo nguồn khuyến nông | L23: No | M23: Nguồn Khuyến nông Việt Nam ghi cây chuối có thể thu hoạch quanh năm, sản lượng nhiều từ tháng 1 đến tháng 4; nguồn không riêng Tiền Giang. | N23: Đồng Tháp: Giá chuối tăng, nông dân vẫn lo | O23: Trung tâm Khuyến nông Quốc gia | P23: https://khuyennongvn.gov.vn/thong-tin-thi-truong/thi-truong-trong-nuoc/dong-thap-gia-chuoi-tang-nong-dan-van-lo-14376.html | R23: Medium | S23: 2026-04-24 21:05:08 ICT | T23: Chưa tìm được nguồn cực mạnh riêng cho chuối già Tiền Giang; tạm dùng nguồn khuyến nông cho cây chuối vùng tương đồng và phải kiểm tiếp.
A24: B3 | B24: 118 | C24: Dưa hấu không hạt mini | D24: Trái cây | E24: Long An, Việt Nam | F24: District | G24: Vĩnh Hưng, Long An | H24: Dưa hấu Tết | I24: 12 | J24: 1 | K24: 12-1 | L24: Yes | M24: Báo Long An ghi nhận nông dân Vĩnh Hưng gieo trồng hơn 250ha dưa hấu phục vụ thị trường Tết, dự kiến thu hoạch vào giữa tháng Chạp. | N24: Vĩnh Hưng: Nông dân gieo trồng hơn 250ha dưa hấu phục vụ thị trường tết | O24: Báo Long An | P24: https://baolongan.vn/vinh-hung-nong-dan-gieo-trong-hon-250ha-dua-hau-phuc-vu-thi-truong-tet-a186458.html | Q24: 2024-12-01 | R24: Medium | S24: 2026-04-24 21:05:08 ICT | T24: Nguồn xác nhận vụ Tết tại Long An nhưng không tách riêng giống không hạt mini.
A25: B3 | B25: 119 | C25: Thanh long ruột trắng | D25: Trái cây | E25: Bình Thuận, Việt Nam | F25: Province / GI area | G25: Bình Thuận | H25: Vụ nghịch cuối năm - đầu năm | I25: 10 âm lịch | J25: sau Tết | K25: tháng Chạp - sau Tết | L25: No | M25: Sở NN&PTNT Bình Thuận ghi nông dân chong đèn từ tháng 10 âm lịch và các lứa nghịch vụ thu hoạch từ tháng Chạp trở đi. | N25: Thanh long vào vụ nghịch: [Bài 1] Nâng cao chất lượng đáp ứng thị trường | O25: Sở NN&PTNT Bình Thuận | P25: https://snnptnt.binhthuan.gov.vn/tin-nong-nghiep/thanh-long-vao-vu-nghich-bai-1-nang-cao-chat-luong-dap-ung-thi-truong-867366 | Q25: 2023-12-05 | R25: High | S25: 2026-04-24 21:05:08 ICT | T25: Nguồn ghi thanh long Bình Thuận nói chung, chưa tách riêng ruột trắng; mốc tháng ở dạng âm lịch nên chưa đổi sang dương lịch.
A26: B3 | B26: 120 | C26: Sầu riêng Ri6 | D26: Trái cây | E26: Đắk Lắk, Việt Nam | F26: Province | G26: Đắk Lắk | H26: Vụ thu hoạch chính ở Đắk Lắk | I26: 8 | J26: 9 | K26: 8-9 | L26: Yes | M26: Khuyến nông Việt Nam ghi sầu riêng Đắk Lắk bắt đầu vào vụ; chính vụ giống Dona tại Krông Pắc từ 27/8 đến đầu tháng 9/2022; Ri6 được nêu cùng nhóm giống chất lượng trong nguồn khác của địa phương. | N26: Đắk Lắk: Sầu riêng được giá, nhưng năng suất năm nay lại thấp | O26: Trung tâm Khuyến nông Quốc gia | P26: https://khuyennongvn.gov.vn/chuong-trinh-nganh-nong-nghiep/tai-co-cau-nganh-nong-nghiep/dak-lak-sau-rieng-duoc-gia-nhung-nang-suat-nam-nay-lai-thap-22052.html | R26: Medium | S26: 2026-04-24 21:05:08 ICT | T26: Nguồn mùa vụ mạnh cho sầu riêng Đắk Lắk nhưng không tách riêng Ri6; cần thêm nguồn cultivar Ri6 tại Đắk Lắk nếu dùng làm claim chính xác tuyệt đối.
A27: B3 | B27: 69 | C27: Đu đủ vàng | D27: Trái cây | E27: Bình Phước, Việt Nam | F27: Province | G27: Bình Phước | H27: Cây ăn trái nhiệt đới gần như quanh năm | I27: 1 | J27: 12 | K27: Year-round | L27: No | M27: Cổng thông tin Bình Phước ghi nhiều chủng loại cây ăn trái của tỉnh hầu như cho thu hoạch quanh năm, trong danh sách có đu đủ. | N27: Bình Phước có nhiều chủng loại cây ăn trái hầu như cho thu hoạch quanh năm | O27: Cổng thông tin điện tử tỉnh Bình Phước | P27: https://binhphuoc.gov.vn/vi/news/Hoat-dong-huyen-thi/phuoc-co-nhieu-chung-loai-cay-an-trai-hau-nhu-cho-thu-hoach-quanh-nam-21193.html | R27: High | S27: 2026-04-24 21:05:08 ICT | T27: Nguồn xác nhận đu đủ trong nhóm cây ăn trái Bình Phước thu hoạch gần như quanh năm, chưa tách riêng giống đu đủ vàng.
A28: B2 | B28: 46 | C28: Khoai lang Nhật | D28: Củ & rễ | E28: Nhật Bản (trồng VN) | F28: Province | G28: Bắc Giang, Việt Nam | H28: 2 vụ/năm: vụ Xuân và vụ Đông | I28: 2 | J28: 12 | K28: Tháng 5 âm lịch; tháng 12 âm lịch | L28: Yes | M28: Khuyến nông Quốc gia ghi khoai lang Nhật tại Bắc Giang trồng được 2 vụ/năm, khoảng 4-5 tháng/vụ; vụ Xuân trồng sau Tết, thu đầu tháng 5 âm lịch; vụ Đông trồng cuối tháng 8-đầu tháng 9, thu tháng 12 âm lịch. | N28: Bắc Giang: Trồng khoai thu nhập trên 120 -150 triệu đồng/ha/vụ | O28: Trung tâm Khuyến nông Quốc gia | P28: https://khuyennongvn.gov.vn/chuong-trinh-nganh-nong-nghiep/tai-co-cau-nganh-nong-nghiep/bac-giang-trong-khoai-thu-nhap-tren-120-150-trieu-donghavu-15779.html | Q28: 2017-06-28 | R28: High | S28: 2026-04-24 21:12:38 ICT | T28: Nguồn xác nhận khoai lang Nhật trồng tại Bắc Giang, không xác nhận riêng SKU hiện tại hoặc chứng nhận GlobalGAP.
A29: B2 | B29: 46 | C29: Khoai lang Nhật | D29: Củ & rễ | E29: Nhật Bản (trồng VN) | F29: Province | G29: Tây Ninh, Việt Nam | H29: Đông Xuân; mô hình phù hợp khí hậu Tây Ninh | I29: 12 | J29: 4 | K29: Đông Xuân | L29: No | M29: Khuyến nông Quốc gia ghi mô hình khoai lang tím Nhật tại Tây Ninh thu hoạch vụ Đông Xuân, phù hợp thổ nhưỡng và khí hậu địa phương. | N29: Khoai lang tím Nhật - Cây trồng tiềm năng cho nông dân Tây Ninh | O29: Trung tâm Khuyến nông Quốc gia | P29: https://khuyennongvn.gov.vn/chuong-trinh-nganh-nong-nghiep/tai-co-cau-nganh-nong-nghiep/khoai-lang-tim-nhat-cay-trong-tiem-nang-cho-nong-dan-tay-ninh-31095.html | Q29: 2025-04-25 | R29: High | S29: 2026-04-24 21:12:38 ICT | T29: Nguồn là khoai lang tím Nhật tại Tây Ninh, không phải mọi loại khoai lang Nhật.
A30: B2 | B30: 52 | C30: Nấm hương khô | D30: Nấm | E30: Trung Quốc | F30: Country | G30: Trung Quốc | H30: Sản phẩm khô/chế biến; mùa vụ tươi phụ thuộc vùng và mô hình trồng | K30: Không áp dụng một mùa bán lẻ cố định | L30: No | M30: FAO ghi Trung Quốc là nhà sản xuất lớn của nấm hương và xuất khẩu nấm hương khô; nguồn không cung cấp lịch mùa vụ chi tiết theo vùng. | N30: Non-Wood Forest Products in 15 Countries of Tropical Asia: An Overview | O30: FAO | P30: https://fao.org/docrep/fao/005/AB598E/AB598E00.pdf | Q30: 2002 | R30: High | S30: 2026-04-24 21:12:38 ICT | T30: Nguồn xác nhận sản xuất/xuất khẩu nấm hương khô Trung Quốc, không xác nhận mùa vụ cụ thể của SKU.
A31: B2 | B31: 53 | C31: Nấm linh chi đỏ | D31: Nấm | E31: Hàn Quốc (trồng VN) | F31: Province | G31: Hòa Bình, Việt Nam | H31: Nuôi trồng theo lứa; lứa đầu khoảng 3 tháng, lứa sau 70-80 ngày | K31: Theo chu kỳ nuôi trồng, không phải mùa tự nhiên cố định | L31: No | M31: Khuyến nông Quốc gia ghi mô hình nấm linh chi đỏ trên giá thể gỗ keo tươi tại Hòa Bình: khoảng 3 tháng cho thu hoạch lứa đầu, một bịch có thể thu 3 lần, lứa sau khoảng 70-80 ngày. | N31: Hòa Bình: Trồng nấm linh chi trên giá thể gỗ keo tươi - mô hình kinh tế hiệu quả | O31: Trung tâm Khuyến nông Quốc gia | P31: https://khuyennongvn.gov.vn/chuong-trinh-nganh-nong-nghiep/tai-co-cau-nganh-nong-nghiep/hoa-binh-trong-nam-linh-chi-tren-gia-the-go-keo-tuoi--mo-hinh-kinh-te-hieu-qua-21892.html | Q31: 2022-06-13 | R31: High | S31: 2026-04-24 21:12:38 ICT | T31: Nguồn xác nhận nấm linh chi đỏ trồng tại Việt Nam, chưa xác nhận giống/nguồn gốc Hàn Quốc của SKU.
A32: B2 | B32: 115 | C32: Tỏi tây | D32: Rau thơm & gia vị | E32: Trung Quốc | F32: Country | G32: Trung Quốc | H32: Allium trồng rộng ở Trung Quốc; chưa có mùa tỏi tây nhập khẩu cụ thể | K32: Cần kiểm chứng thêm theo nhà cung cấp nhập khẩu | L32: No | M32: ISHS ghi nhóm rau Allium là cây rau quan trọng tại Trung Quốc, nhưng dữ liệu công khai tìm được không đủ để xác nhận lịch mùa vụ riêng cho tỏi tây nhập khẩu. | N32: ALLIUM PRODUCTION AND RESEARCH IN CHINA | O32: International Society for Horticultural Science | P32: https://www.ishs.org/ishs-article/358_19 | Q32: 1994 | R32: Medium | S32: 2026-04-24 21:12:38 ICT | T32: Nguồn nói nhóm Allium tại Trung Quốc, không xác nhận riêng tỏi tây/Allium porrum và không có lịch mùa vụ nhập khẩu.
A33: B2 | B33: 121 | C33: khoai mỡ | D33: Rau lá | F33: Province | G33: Vĩnh Long, Việt Nam | H33: Xuống giống sau lúa Đông Xuân; thu sau khoảng 6 tháng | K33: Sau Đông Xuân + 6 tháng | L33: No | M33: Khuyến nông Quốc gia ghi khoai mỡ ở Mang Thít, Vĩnh Long xuống giống khi thu hoạch lúa Đông Xuân và sau 6 tháng trồng thì thu hoạch; có mô hình VietGAP từ Trung tâm Khuyến nông Vĩnh Long. | N33: Vĩnh Long: Tuân thủ kỹ thuật canh tác - Cánh đồng khoai mỡ ngày càng mở rộng | O33: Trung tâm Khuyến nông Quốc gia | P33: https://khuyennongvn.gov.vn/chuong-trinh-nganh-nong-nghiep/tai-co-cau-nganh-nong-nghiep/vinh-long-tuan-thu-ky-thuat-canh-tac--canh-dong-khoai-mo-ngay-cang-mo-rong-19139.html | Q33: 2019-08-22 | R33: High | S33: 2026-04-24 21:12:38 ICT | T33: Dòng catalog thiếu ProductInfo; nguồn không xác nhận origin/standard hiện hành của sản phẩm trong hệ thống.
A34: B2 | B34: 122 | C34: Rau muống | D34: Rau lá | F34: Country | G34: Việt Nam | H34: Có thể sản xuất trong hệ thống thủy canh tuần hoàn; thu hái nhiều lứa | K34: Sau mỗi đợt thu hái bổ sung dinh dưỡng cho lứa sau | L34: No | M34: Khuyến nông Quốc gia ghi rau muống là một trong các giống có thể sản xuất thủy canh tuần hoàn; sau khi hái lứa đầu mới bổ sung dinh dưỡng cho lứa sau. | N34: Quy trình kỹ thuật sản xuất rau thủy canh tuần hoàn | O34: Trung tâm Khuyến nông Quốc gia | P34: https://khuyennongvn.gov.vn/ky-thuat-trong-trot/quy-trinh-ky-thuat-san-xuat-rau-thuy-canh-tuan-hoan-759.html | Q34: 2011-12-26 | R34: High | S34: 2026-04-24 21:12:38 ICT | T34: Dòng catalog thiếu ProductInfo; nguồn là quy trình kỹ thuật thủy canh chung, chưa xác nhận origin/standard hiện hành.

Sheet Research Evidence
A1: Batch | B1: ProductID | C1: ProductName | D1: Field Name | E1: Verified Value / Claim | F1: Applicability / Locality | G1: Source Title | H1: Source Publisher | I1: Source URL | J1: Source Date | K1: Trust Level | L1: Thời gian thu thập | M1: Tôi chưa chắc chắn | N1: Reviewer Notes
A2: B1 | B2: 61 | C2: Táo Fuji Nhật | D2: Origin country | E2: Japan | F2: Product origin | G2: Fruit and Vegetables: Apples | H2: Japan Food Export Fair / Aomori Apple Council | I2: https://j-fec.com/en/producer/pdf/en/20/ | J2: 2022 | K2: High | L2: 2026-04-24 14:43:30 ICT
A3: B1 | B3: 61 | C3: Táo Fuji Nhật | D3: Origin province/region | E3: Aomori Prefecture | F3: Product origin | G3: Fruit and Vegetables: Apples | H3: Japan Food Export Fair / Aomori Apple Council | I3: https://j-fec.com/en/producer/pdf/en/20/ | J3: 2022 | K3: High | L3: 2026-04-24 14:43:30 ICT
A4: B1 | B4: 61 | C4: Táo Fuji Nhật | D4: Flavor / texture | E4: Juicy flesh; fragrant, sweet profile; vivid red skin | F4: Commodity description | G4: Fruit and Vegetables: Apples | H4: Japan Food Export Fair / Aomori Apple Council | I4: https://j-fec.com/en/producer/pdf/en/20/ | J4: 2022 | K4: High | L4: 2026-04-24 14:43:30 ICT
A5: B1 | B5: 61 | C5: Táo Fuji Nhật | D5: Preservation guidance | E5: Strict temperature control and storage allow quality to remain strong beyond New Year. | F5: Commodity handling | G5: Fruit and Vegetables: Apples | H5: Japan Food Export Fair / Aomori Apple Council | I5: https://j-fec.com/en/producer/pdf/en/20/ | J5: 2022 | K5: High | L5: 2026-04-24 14:43:30 ICT
A6: B1 | B6: 62 | C6: Cam Cara ruột đỏ | D6: Origin country | E6: Australia | F6: Product origin | G6: What's in Season | H6: Citrus Australia | I6: https://citrusaustralia.com.au/buying-australian/season/ | K6: High | L6: 2026-04-24 14:43:30 ICT
A7: B1 | B7: 62 | C7: Cam Cara ruột đỏ | D7: Origin regions | E7: Murray Valley, Riverina NSW, Riverland SA | F7: Australian citrus regions | G7: What's in Season | H7: Citrus Australia | I7: https://citrusaustralia.com.au/buying-australian/season/ | K7: High | L7: 2026-04-24 14:43:30 ICT
A8: B1 | B8: 62 | C8: Cam Cara ruột đỏ | D8: Variety note | E8: Cara Cara is an early-to-mid-season navel orange with sweet, red flesh and low/absent seeds. | F8: Variety description | G8: Citrus Traceability Pilot | H8: Agriculture Victoria | I8: https://agriculture.vic.gov.au/__data/assets/pdf_file/0010/629902/Citrus-Traceability-Pilot.pdf | K8: High | L8: 2026-04-24 14:43:30 ICT
A9: B1 | B9: 63 | C9: Nho Mỹ không hạt | D9: Origin country | E9: United States | F9: Product origin | G9: Grapes From California Merchandising and Training Guide | H9: California Table Grape Commission | I9: https://www.grapesfromcalifornia.com/wp-content/uploads/2023/06/20230605-grapes-from-california-merchandising-and-training-guide-2023.pdf | J9: 2023-06-05 | K9: High | L9: 2026-04-24 14:43:30 ICT
A10: B1 | B10: 63 | C10: Nho Mỹ không hạt | D10: Origin province/region | E10: California - Coachella Valley, San Joaquin Valley | F10: Commodity production areas | G10: Grapes From California Merchandising and Training Guide | H10: California Table Grape Commission | I10: https://www.grapesfromcalifornia.com/wp-content/uploads/2023/06/20230605-grapes-from-california-merchandising-and-training-guide-2023.pdf | J10: 2023-06-05 | K10: High | L10: 2026-04-24 14:43:30 ICT
A11: B1 | B11: 71 | C11: Măng cụt | D11: Origin country | E11: Thailand | F11: Product origin | G11: Mangosteen | H11: Department of Agricultural Extension, Thailand | I11: https://www.doae.go.th/en/mangosteen-2/ | K11: High | L11: 2026-04-24 14:43:30 ICT
A12: B1 | B12: 71 | C12: Măng cụt | D12: Flavor / texture | E12: Sweet and juicy flesh with mild fragrance. | F12: Commodity description | G12: Mangosteen | H12: Department of Agricultural Extension, Thailand | I12: https://www.doae.go.th/en/mangosteen-2/ | K12: High | L12: 2026-04-24 14:43:30 ICT
A13: B1 | B13: 71 | C13: Măng cụt | D13: Preservation guidance | E13: 3-4 weeks at 13°C and 90-95% RH. | F13: Commodity handling | G13: Mangosteen | H13: Department of Agricultural Extension, Thailand | I13: https://www.doae.go.th/en/mangosteen-2/ | K13: High | L13: 2026-04-24 14:43:30 ICT
A14: B1 | B14: 73 | C14: Lựu đỏ Mỹ | D14: Origin country | E14: United States | F14: Product origin | G14: Why California | H14: POM Wonderful / California Pomegranate Council | I14: https://pomegranates.org/about/why-california/ | K14: High | L14: 2026-04-24 14:43:30 ICT
A15: B1 | B15: 73 | C15: Lựu đỏ Mỹ | D15: Origin province/region | E15: California - San Joaquin Valley | F15: Commodity production area | G15: Why California | H15: POM Wonderful / California Pomegranate Council | I15: https://pomegranates.org/about/why-california/ | K15: High | L15: 2026-04-24 14:43:30 ICT
A16: B1 | B16: 74 | C16: Dưa lưới Nhật | D16: Origin country | E16: Japan | F16: Product origin | G16: Melons | H16: Ibaraki Prefecture | I16: https://exports.pref.ibaraki.jp/en/product/detail?id=714713 | K16: High | L16: 2026-04-24 14:43:30 ICT
A17: B1 | B17: 74 | C17: Dưa lưới Nhật | D17: Origin province/region | E17: Ibaraki / Shizuoka | F17: Verified localities from official sources | G17: Aroma Melon | H17: Shizuoka Prefecture Food Information Center | I17: https://fujinokuni.shokunomiyako-shizuoka.pref.shizuoka.jp/en/buy-food/1884 | K17: High | L17: 2026-04-24 14:43:30 ICT | M17: Catalog origin remains generic Japan.
A18: B1 | B18: 74 | C18: Dưa lưới Nhật | D18: Flavor / texture | E18: Rich aroma, sweetness and soft texture. | F18: Commodity description | G18: Aroma Melon | H18: Shizuoka Prefecture Food Information Center | I18: https://fujinokuni.shokunomiyako-shizuoka.pref.shizuoka.jp/en/buy-food/1884 | K18: High | L18: 2026-04-24 14:43:30 ICT
A19: B1 | B19: 74 | C19: Dưa lưới Nhật | D19: Preservation guidance | E19: Keep refrigerated. | F19: Commodity handling | G19: Melons | H19: Ibaraki Prefecture | I19: https://exports.pref.ibaraki.jp/en/product/detail?id=714713 | K19: High | L19: 2026-04-24 14:43:30 ICT
A20: B1 | B20: 75 | C20: Mận đỏ Mỹ | D20: Origin country | E20: United States | F20: Product origin | G20: Plums | H20: California Department of Education | I20: https://www.cde.ca.gov/ls/nu/fd/plum.asp | K20: High | L20: 2026-04-24 14:43:30 ICT
A21: B1 | B21: 75 | C21: Mận đỏ Mỹ | D21: Origin province/region | E21: California | F21: Commodity production area | G21: Plums | H21: California Department of Education | I21: https://www.cde.ca.gov/ls/nu/fd/plum.asp | K21: High | L21: 2026-04-24 14:43:30 ICT
A22: B1 | B22: 76 | C22: Lê Nam Phi | D22: Origin country | E22: South Africa | F22: Product origin | G22: Pome Fruit Industry Estimates 2025 Season | H22: Hortgro | I22: https://www.hortgro.co.za/wp-content/uploads/docs/dlm_uploads/2025/01/Pome-fruit-industry-estimates_2025-SEASON_FINAL.pdf | J22: 2025-01 | K22: High | L22: 2026-04-24 14:43:30 ICT
A23: B1 | B23: 76 | C23: Lê Nam Phi | D23: Origin province/region | E23: Western Cape - Ceres, Groenland, Wolseley/Tulbagh | F23: Main pear producing areas | G23: Pear Market Value Chain Profile 2020 | H23: Department of Agriculture, Land Reform and Rural Development (South Africa) | I23: https://www.nda.gov.za/images/Branches/Economica%20Development%20Trade%20and%20Marketing/marketing/annual-publications/fruits/pear-market-value-chain-profile-2020.pdf | J23: 2020 | K23: High | L23: 2026-04-24 14:43:30 ICT
A24: B1 | B24: 77 | C24: Kiwi vàng New Zealand | D24: Origin country | E24: New Zealand | F24: Product origin | G24: When is Kiwifruit Season? | H24: Zespri | I24: https://www.zespri.com/en-US/blogdetail/when-is-kiwifruit-season | K24: High | L24: 2026-04-24 14:43:30 ICT
A25: B1 | B25: 78 | C25: Dứa MD2 Thái Lan | D25: Origin country | E25: Thailand | F25: Product origin | G25: Pineapple | H25: Department of Agricultural Extension, Thailand | I25: https://www.doae.go.th/en/pineapple-2/ | K25: High | L25: 2026-04-24 14:43:30 ICT
A26: B1 | B26: 78 | C26: Dứa MD2 Thái Lan | D26: Variety note | E26: MD2 is one of Thailand's main fresh-export pineapple varieties. | F26: Varietal context | G26: An Economic Study of Fresh Pineapple Production of Pineapple cv. MD2 in Phetchaburi Province | H26: Department of Agriculture, Thailand | I26: https://info.doa.go.th/research/index.php?act=view_detail&id=4460 | J26: 2020 | K26: Medium | L26: 2026-04-24 14:43:30 ICT | M26: Useful to confirm the MD2 variety context, but not a direct national season calendar.
A27: B1 | B27: 68 | C27: Chuối già Nam Mỹ | D27: Origin scope | E27: Catalog origin is only South America; exact country/province remains unconfirmed. | F27: Origin verification | G27: The World Banana Economy, 1985-2002 | H27: FAO | I27: https://www.fao.org/3/y5102e/y5102e04.htm | K27: High | L27: 2026-04-24 14:48:34 ICT | M27: Chưa có nguồn đủ mạnh để chốt quốc gia xuất xứ cho SKU này.
A28: B1 | B28: 68 | C28: Chuối già Nam Mỹ | D28: Possible source-country context | E28: If the lot is from Ecuador, the largest production concentrations include Los Ríos, Guayas and El Oro. | F28: Context only - not assigned to this SKU | G28: Boletín situacional de banano 2023 | H28: Ministerio de Agricultura y Ganadería del Ecuador | I28: https://sipa.agricultura.gob.ec/boletines/situacionales/2023/boletin_situacional_banano_2023.pdf | J28: 2024 | K28: High | L28: 2026-04-24 14:48:34 ICT | M28: Chỉ dùng làm bối cảnh vùng trồng nếu sau này xác nhận được nguồn hàng là Ecuador.
A29: B3 | B29: 64 | C29: Xoài cát Hòa Lộc | D29: Origin province/region | E29: Huyện Cái Bè, tỉnh Tiền Giang; khu vực GI gồm 13 xã. | F29: Origin verification | G29: Bảo hộ chỉ dẫn địa lý “Hòa Lộc” cho sản phẩm xoài cát | H29: Cục Sở hữu trí tuệ | I29: https://www.ipvietnam.gov.vn/web/english/statistic/-/asset_publisher/lkBHulAdnfEF/content/bao-ho-chi-dan-ia-ly-hoa-loc-cho-san-pham-xoai-cat | J29: 2009-12-01 | K29: High | L29: 2026-04-24 14:48:34 ICT
A30: B3 | B30: 64 | C30: Xoài cát Hòa Lộc | D30: Standard/certification context | E30: Đã được cấp giấy chứng nhận sản xuất an toàn theo tiêu chuẩn GlobalGAP. | F30: Production/quality context | G30: Xoài cát Hòa Lộc nức lòng giới sành ăn | H30: Bộ Công Thương | I30: https://moit.gov.vn/tu-hao-hang-viet-nam/gioi-thieu-xoai-cat-hoa-loc.html | J30: 2022-09-08 | K30: High | L30: 2026-04-24 14:48:34 ICT | M30: Nguồn nói ở mức vùng sản xuất/xoài cát Hòa Lộc, không khẳng định mọi lô thương mại riêng lẻ đều đang giữ chứng nhận hiệu lực tại thời điểm hiện tại.
A31: B3 | B31: 64 | C31: Xoài cát Hòa Lộc | D31: Flavor / texture | E31: Thịt dẻo, mịn, dày, ít xơ, rất ngọt và mùi thơm dịu. | F31: Commodity description | G31: Xoài cát Hòa Lộc nức lòng giới sành ăn | H31: Bộ Công Thương | I31: https://moit.gov.vn/tu-hao-hang-viet-nam/gioi-thieu-xoai-cat-hoa-loc.html | J31: 2022-09-08 | K31: High | L31: 2026-04-24 14:48:34 ICT
A32: B3 | B32: 70 | C32: Thanh long ruột đỏ | D32: Origin province/region | E32: Khu vực GI thanh long Bình Thuận gồm Hàm Tân, Hàm Thuận Nam, Hàm Thuận Bắc, Bắc Bình và TP Phan Thiết. | F32: Origin verification | G32: Nhật Bản bảo hộ chỉ dẫn địa lý cho sản phẩm thanh long Bình Thuận | H32: Cục Sở hữu trí tuệ | I32: https://ipvietnam.gov.vn/phat-trien-chi-dan-ia-ly/-/asset_publisher/SGA9PgvmYtWI/content/thanh-long-binh-thuan-duoc-bao-ho-cddl-tai-nhat-ban?inheritRedirect=false | K32: High | L32: 2026-04-24 14:48:34 ICT | M32: Nguồn GI đang ở mức quả thanh long Bình Thuận nói chung, chưa tách riêng ruột đỏ.
A33: B3 | B33: 65 | C33: Dưa hấu không hạt | D33: Origin/locality context | E33: Long An có vùng dưa hấu Vĩnh Hưng phục vụ thị trường Tết; dưa Long Trì, Tân Trụ là các tên được địa phương ghi nhận. | F33: Long An | G33: Góc ảnh 'Long An quê hương tôi': Dưa hấu Long An | H33: Báo Long An | I33: https://baolongan.vn/goc-anh-long-an-que-huong-toi-dua-hau-long-an-a180898.html | J33: 2024-08-16 | K33: Medium | L33: 2026-04-24 21:05:08 ICT | M33: Báo địa phương uy tín nhưng chưa phải hồ sơ kỹ thuật/cây trồng cấp sở.
A34: B3 | B34: 66 | C34: Bơ Booth 7 | D34: Origin/production context | E34: Đắk Lắk có các giống bơ phổ biến gồm Booth 7, bơ tứ quý, bơ 034; diện tích cho sản phẩm 7.228 ha năm 2021 theo Sở NN&PTNT được Sở Công Thương dẫn lại. | F34: Đắk Lắk | G34: Bơ Đắk Lắk - Hành trình đến với người tiêu dùng | H34: Sở Công Thương Đắk Lắk | I34: https://socongthuong.daklak.gov.vn/vi/news/hoat-dong-nganh-cong-thuong/bo-dak-lak-hanh-trinh-den-voi-nguoi-tieu-dung-3497.html | K34: High | L34: 2026-04-24 21:05:08 ICT
A35: B3 | B35: 67 | C35: Dâu tây Đà Lạt | D35: Preservation guidance | E35: Trái dâu tây không bảo quản được lâu, nên bảo quản và vận chuyển trong điều kiện lạnh sau thu hoạch. | F35: Đà Lạt/Lâm Đồng | G35: Quy trình kỹ thuật trồng cây dâu tây | H35: Khuyến nông Lâm Đồng | I35: https://khuyennong.lamdong.gov.vn/ky-thuat-trong-trot/ki-thuat-trong-rau/865-quy-trinh-k-thut-trng-cay-dau-tay | K35: High | L35: 2026-04-24 21:05:08 ICT
A36: B3 | B36: 67 | C36: Dâu tây Đà Lạt | D36: Flavor / texture context | E36: Các giống tại Đà Lạt/Lạc Dương có mô tả như Mỹ Hương ngọt thơm, New Zealand giòn ngọt thơm, Akihime mềm thơm. | F36: Đà Lạt/Lâm Đồng | G36: Dâu tây Đà Lạt với những biện pháp quản lý dịch hại mới | H36: Khuyến nông Lâm Đồng | I36: https://khuyennong.lamdong.gov.vn/tin-tuc-su-kien/1518-dau-tay-da-lat-voi-nhung-bien-phap-quan-ly-dich-hai-moi | K36: High | L36: 2026-04-24 21:05:08 ICT | M36: Flavor/texture phụ thuộc giống cụ thể; catalog chỉ ghi Dâu tây Đà Lạt nên cần giữ ở mức tổng quát.
A37: B3 | B37: 72 | C37: Mít Thái siêu ngọt | D37: Origin/production context | E37: Tiền Giang có vùng mít Thái chuyên canh tại Cái Bè, Cai Lậy, Châu Thành, Tân Phước và TX Cai Lậy; gần 13.000 ha đang cho thu hoạch. | F37: Tiền Giang | G37: Phát triển vùng mít chuyên canh trên những địa bàn sản xuất khó khăn | H37: Cổng thông tin điện tử tỉnh Tiền Giang | I37: https://tiengiang.gov.vn/chi-tiet-tin/?%2Fphat-trien-vung-mit-chuyen-canh-tren-nhung-ia-ban-san-xuat-kho-khan%2F58616436= | K37: High | L37: 2026-04-24 21:05:08 ICT
A38: B3 | B38: 117 | C38: Ổi xá lị | D38: Origin/locality status | E38: Catalog ghi Long An nhưng chưa tìm được nguồn kỹ thuật/nguồn nhà nước đủ mạnh riêng cho ổi xá lị Long An. | F38: Long An | G38: Lan tỏa phong trào khởi nghiệp | H38: Báo Long An | I38: https://baolongan.vn/lan-toa-phong-trao-khoi-nghiep-a41165.html | K38: Low | L38: 2026-04-24 21:05:08 ICT | M38: Chỉ xác nhận mô hình trồng ổi tại Long An ở mức báo địa phương; chưa đủ để chốt mùa vụ.
A39: B3 | B39: 120 | C39: Sầu riêng Ri6 | D39: Origin/brand context | E39: Đắk Lắk có nhãn hiệu 'Sầu riêng Krông Pắc' và 'Sầu riêng Cư M’gar'; Ri6 được nhắc cùng nhóm giống chất lượng như Dona, Cái Mơn. | F39: Đắk Lắk | G39: Tỉnh Đắk Lắk tổ chức hội nghị tổng kết ngành hàng sầu riêng năm 2023, phương hướng nhiệm vụ năm 2024 | H39: Sở Công Thương Đắk Lắk | I39: https://socongthuong.daklak.gov.vn/vi/news/hoat-dong-nganh-cong-thuong/to-chuc-hoi-nghi-tong-ket-nganh-hang-sau-rieng-nam-2023-phuong-huong-nhiem-vu-nam-2024-4961.html | K39: High | L39: 2026-04-24 21:05:08 ICT | M39: Nguồn xác nhận bối cảnh ngành hàng/nhãn hiệu địa phương; mùa vụ riêng Ri6 vẫn cần nguồn cultivar cụ thể.
A40: B3 | B40: 69 | C40: Đu đủ vàng | D40: Origin/seasonality context | E40: Bình Phước có đu đủ trong nhóm cây ăn trái hầu như cho thu hoạch quanh năm. | F40: Bình Phước | G40: Bình Phước có nhiều chủng loại cây ăn trái hầu như cho thu hoạch quanh năm | H40: Cổng thông tin điện tử tỉnh Bình Phước | I40: https://binhphuoc.gov.vn/vi/news/Hoat-dong-huyen-thi/phuoc-co-nhieu-chung-loai-cay-an-trai-hau-nhu-cho-thu-hoach-quanh-nam-21193.html | K40: High | L40: 2026-04-24 21:05:08 ICT | M40: Chưa tìm được nguồn riêng cho giống đu đủ vàng tại Bình Phước.
A41: B2 | B41: 46 | C41: Khoai lang Nhật | D41: Origin/seasonality context | E41: Giống khoai lang Nhật đã được trồng tại Việt Nam; Bắc Giang có 2 vụ/năm, Tây Ninh có mô hình khoai lang tím Nhật vụ Đông Xuân. | F41: Bắc Giang; Tây Ninh | G41: Bắc Giang: Trồng khoai thu nhập trên 120 -150 triệu đồng/ha/vụ | H41: Trung tâm Khuyến nông Quốc gia | I41: https://khuyennongvn.gov.vn/chuong-trinh-nganh-nong-nghiep/tai-co-cau-nganh-nong-nghiep/bac-giang-trong-khoai-thu-nhap-tren-120-150-trieu-donghavu-15779.html | J41: 2017-06-28 | K41: High | L41: 2026-04-24 21:12:38 ICT | M41: Chưa xác nhận GlobalGAP và chưa xác nhận SKU đang bán lấy từ vùng nào.
A42: B2 | B42: 52 | C42: Nấm hương khô | D42: Origin/processing context | E42: Trung Quốc là nguồn sản xuất lớn của nấm hương; FAO ghi có xuất khẩu nấm hương khô. Sản phẩm khô nên tính mùa vụ bán lẻ cần kiểm chứng theo lô/nhà cung cấp. | F42: Trung Quốc | G42: Non-Wood Forest Products in 15 Countries of Tropical Asia: An Overview | H42: FAO | I42: https://fao.org/docrep/fao/005/AB598E/AB598E00.pdf | J42: 2002 | K42: High | L42: 2026-04-24 21:12:38 ICT | M42: Chưa xác nhận chứng nhận Organic và mùa vụ của SKU.
A43: B2 | B43: 52 | C43: Nấm hương khô | D43: Industry/current context | E43: People's Daily Online dẫn dữ liệu chính thức cho biết Trung Quốc sản xuất hơn 40 triệu tấn nấm ăn mỗi năm và Hubei/Suizhou có sản phẩm nấm hương chế biến/xuất khẩu. | F43: Trung Quốc | G43: China becomes world's largest producer, consumer of edible mushrooms | H43: People's Daily Online | I43: https://en.people.cn/n3/2025/0930/c98649-20373212.html | J43: 2025-09-30 | K43: Medium | L43: 2026-04-24 21:12:38 ICT | M43: Nguồn sau ngày thu thập hiện tại theo hệ thống tìm kiếm; cần kiểm chứng lại khi dùng chính thức.
A44: B2 | B44: 53 | C44: Nấm linh chi đỏ | D44: Cultivation/preservation context | E44: Mô hình Hòa Bình cho thấy nấm linh chi đỏ thu hoạch theo lứa; quả thể sau thu hái được vệ sinh, cắt chân và sấy ở 40-45 độ C. | F44: Hòa Bình | G44: Hòa Bình: Trồng nấm linh chi trên giá thể gỗ keo tươi - mô hình kinh tế hiệu quả | H44: Trung tâm Khuyến nông Quốc gia | I44: https://khuyennongvn.gov.vn/chuong-trinh-nganh-nong-nghiep/tai-co-cau-nganh-nong-nghiep/hoa-binh-trong-nam-linh-chi-tren-gia-the-go-keo-tuoi--mo-hinh-kinh-te-hieu-qua-21892.html | J44: 2022-06-13 | K44: High | L44: 2026-04-24 21:12:38 ICT | M44: Chưa xác nhận giống Hàn Quốc hoặc tiêu chuẩn dược liệu cụ thể của SKU.
A45: B2 | B45: 115 | C45: Tỏi tây | D45: Origin/seasonality context | E45: Tỏi tây thuộc nhóm Allium; nguồn ISHS xác nhận Allium là nhóm rau quan trọng và trồng rộng tại Trung Quốc, nhưng chưa đủ dữ liệu để chốt mùa tỏi tây Trung Quốc. | F45: Trung Quốc | G45: ALLIUM PRODUCTION AND RESEARCH IN CHINA | H45: International Society for Horticultural Science | I45: https://www.ishs.org/ishs-article/358_19 | J45: 1994 | K45: Medium | L45: 2026-04-24 21:12:38 ICT | M45: Nguồn chưa nói riêng tỏi tây; cần xác nhận với chứng từ nhập khẩu hoặc nhà cung cấp.
A46: B2 | B46: 121 | C46: khoai mỡ | D46: Origin/seasonality context | E46: Vĩnh Long có vùng trồng khoai mỡ tại Mang Thít; có mô hình VietGAP, xuống giống sau lúa Đông Xuân và thu sau khoảng 6 tháng. | F46: Vĩnh Long | G46: Vĩnh Long: Tuân thủ kỹ thuật canh tác - Cánh đồng khoai mỡ ngày càng mở rộng | H46: Trung tâm Khuyến nông Quốc gia | I46: https://khuyennongvn.gov.vn/chuong-trinh-nganh-nong-nghiep/tai-co-cau-nganh-nong-nghiep/vinh-long-tuan-thu-ky-thuat-canh-tac--canh-dong-khoai-mo-ngay-cang-mo-rong-19139.html | J46: 2019-08-22 | K46: High | L46: 2026-04-24 21:12:38 ICT | M46: Catalog thiếu ProductInfo nên chưa đối chiếu được nguồn gốc sản phẩm nội bộ.
A47: B2 | B47: 122 | C47: Rau muống | D47: Cultivation/availability context | E47: Rau muống có thể sản xuất thủy canh tuần hoàn, thu hái nhiều lứa; nguồn không nêu origin hoặc tiêu chuẩn của sản phẩm trong catalog. | F47: Việt Nam | G47: Quy trình kỹ thuật sản xuất rau thủy canh tuần hoàn | H47: Trung tâm Khuyến nông Quốc gia | I47: https://khuyennongvn.gov.vn/ky-thuat-trong-trot/quy-trinh-ky-thuat-san-xuat-rau-thuy-canh-tuan-hoan-759.html | J47: 2011-12-26 | K47: High | L47: 2026-04-24 21:12:38 ICT | M47: Catalog thiếu ProductInfo nên chưa đối chiếu được nguồn gốc/standard nội bộ.

Sheet Field Matrix
A1: Field | B1: Current system usage | C1: Priority | D1: Why it matters | E1: Review guidance
A2: Origin | B2: Directly used in recommendation scoring/reasons. | C2: High | D2: Supports locality, region-fit and seasonal explanations. | E2: Verify country + province/region from trusted origin sources.
A3: Standard | B3: Used in content quality score. | C3: High | D3: Signals trust and product confidence. | E3: Only fill when an official or seller-backed standard can be verified.
A4: Preservation | B4: Used in content quality score. | C4: High | D4: Impacts buyer guidance and freshness expectations. | E4: Prefer official product/commodity handling guidance from authoritative sources.
A5: Weight | B5: Used in content quality score. | C5: Medium | D5: May affect product comparability, but can be pack-size specific. | E5: Review against internal seller data first; external web may not reflect exact pack size.
A6: Flavor profile | B6: Currently derived heuristically from text. | C6: Medium | D6: Can improve explanation quality. | E6: Only normalize when product-specific descriptors are supported by trusted commodity references.
A7: Texture profile | B7: Currently derived heuristically from text. | C7: Medium | D7: Can improve recommendation reasons. | E7: Keep generic unless supported by authoritative product references.
A8: Usage profile | B8: Currently derived heuristically from text. | C8: Medium | D8: Can support better buyer-facing suggestions. | E8: Prefer broad, well-supported culinary uses over subjective claims.
A9: Seasonality by locality | B9: Not stored authoritatively today; current app uses heuristic month+keyword matching. | C9: Critical | D9: Main gap for `đúng mùa` recommendations. | E9: Record one evidence row per locality/window; do not collapse multiple windows into one.
A10: Peak harvest windows | B10: Not modeled directly. | C10: Critical | D10: Allows stronger `đúng mùa` ranking and explanation. | E10: Capture peak months separately from wider availability windows.
A11: Domestic/Imported | B11: Inferred loosely from origin text today. | C11: High | D11: Changes source policy and recommendation trust. | E11: Normalize based on verified origin, not naming alone.
